Time [s],HBX TX,HBX RX,RA RX,RA TX,DEC RX,DEC TX
-0.000085333,1,1,1,1,1,1
0.000000000,0,1,0,1,0,1
0.000052875,1,1,1,1,1,1
0.000156917,0,1,0,1,0,1
0.000261250,1,1,1,1,1,1
0.000365292,0,1,0,1,0,1
0.000573792,1,1,1,1,1,1
0.000677833,0,1,0,1,0,1
0.000782167,1,1,1,1,1,1
0.000886208,0,1,0,1,0,1
0.000990500,1,1,1,1,1,1
0.001094583,0,1,0,1,0,1
0.001198875,1,1,1,1,1,1
0.001407125,0,1,0,1,0,1
0.001511417,1,1,0,1,0,1
0.001511458,1,1,1,1,1,1
0.001615500,0,1,0,1,0,1
0.002344917,1,1,1,1,1,1
0.002448958,0,1,0,1,0,1
0.002553250,1,1,0,1,0,1
0.002553292,1,1,1,1,1,1
0.002657333,0,1,0,1,0,1
0.003386708,1,1,1,1,0,1
0.003386750,1,1,1,1,1,1
0.003490792,0,1,0,1,0,1
0.003803458,1,1,1,1,1,1
0.003907500,1,1,1,1,0,1
0.003907542,0,1,0,1,0,1
0.004428542,0,1,0,1,1,1
0.004428583,1,1,1,1,1,1
0.004551458,1,1,1,0,1,1
0.004551500,1,0,1,0,1,1
0.004655458,1,0,1,1,1,1
0.004655542,1,1,1,1,1,1
0.004759500,1,1,1,0,1,1
0.004759542,1,0,1,0,1,1
0.004863500,1,0,1,1,1,1
0.004863583,1,1,1,1,1,1
0.004967542,1,1,1,0,1,1
0.004967583,1,0,1,0,1,1
0.005071542,1,0,1,1,1,1
0.005071625,1,1,1,1,1,1
0.005175583,1,1,1,0,1,1
0.005175625,1,0,1,0,1,1
0.005279583,1,0,1,1,1,1
0.005279667,1,1,1,1,1,1
0.005383625,1,1,1,0,1,1
0.005383667,1,0,1,0,1,1
0.005487625,1,0,1,1,1,1
0.005487708,1,1,1,1,1,1
0.005591667,1,1,1,0,1,1
0.005591708,1,0,1,0,1,1
0.005799708,1,0,1,1,1,1
0.005799792,1,1,1,1,1,1
0.005903750,1,1,1,0,1,1
0.005903792,1,0,1,0,1,1
0.006007750,1,0,1,1,1,1
0.006007792,1,1,1,1,1,1
0.006111792,1,1,1,0,1,1
0.006111833,1,0,1,0,1,1
0.006215792,1,0,1,1,1,1
0.006215875,1,1,1,1,1,1
0.006319833,1,1,1,0,1,1
0.006319875,1,0,1,0,1,1
0.006423833,1,0,1,1,1,1
0.006423917,1,1,1,1,1,1
0.006631917,1,1,1,0,1,1
0.006631958,1,0,1,0,1,1
0.006735917,1,0,1,1,1,1
0.006736000,1,1,1,1,1,1
0.006839958,1,1,1,0,1,1
0.006840000,1,0,1,0,1,1
0.007568083,1,0,1,1,1,1
0.007568167,1,1,1,1,1,1
0.007672125,1,1,1,0,1,1
0.007672167,1,0,1,0,1,1
0.007776125,1,0,1,1,1,1
0.007776208,1,1,1,1,1,1
0.007880167,1,1,1,0,1,1
0.007880208,1,0,1,0,1,1
0.007984167,1,0,1,1,1,1
0.007984250,1,1,1,1,1,1
0.008088208,1,1,1,0,1,1
0.008088250,1,0,1,0,1,1
0.008608292,1,0,1,1,1,1
0.008608375,1,1,1,1,1,1
0.008712333,1,1,1,0,1,1
0.008712375,1,0,1,0,1,1
0.009024375,1,0,1,1,1,1
0.009024458,1,1,1,1,1,1
0.009128417,1,1,1,0,1,1
0.009128458,1,0,1,0,1,1
0.009648500,1,0,1,1,1,1
0.009648583,1,1,1,1,1,1
0.009752542,1,1,1,0,1,1
0.009752583,1,0,1,0,1,1
0.010064583,1,0,1,1,1,1
0.010064667,1,1,1,1,1,1
0.010168625,1,1,1,0,1,1
0.010168667,1,0,1,0,1,1
0.010272625,1,0,1,1,1,1
0.010272708,1,1,1,1,1,1
0.010376667,1,1,1,0,1,1
0.010376708,1,0,1,0,1,1
0.010688750,1,0,1,1,1,1
0.010688792,1,1,1,1,1,1
0.010792750,1,1,1,0,1,1
0.010792833,1,0,1,0,1,1
0.011728958,1,0,1,1,1,1
0.011729042,1,1,1,1,1,1
0.011833000,1,1,1,0,1,1
0.011833042,1,0,1,0,1,1
0.011937000,1,0,1,1,1,1
0.011937083,1,1,1,1,1,1
0.012145042,1,1,1,0,1,1
0.012145083,1,0,1,0,1,1
0.012249042,1,0,1,1,1,1
0.012249125,1,1,1,1,1,1
0.012353083,1,1,1,0,1,1
0.012353125,1,0,1,0,1,1
0.012769167,1,0,1,1,1,1
0.012769250,1,1,1,1,1,1
0.012873208,1,1,1,0,1,1
0.012873250,1,0,1,0,1,1
0.012977208,1,0,1,1,1,1
0.012977292,1,1,1,1,1,1
0.013185250,1,1,1,0,1,1
0.013185333,1,0,1,0,1,1
0.013705375,1,0,1,1,1,1
0.013705417,1,1,1,1,1,1
0.024744208,0,1,0,1,0,1
0.024848500,1,1,0,1,0,1
0.024848542,1,1,1,1,1,1
0.024952583,0,1,0,1,0,1
0.025056875,1,1,1,1,1,1
0.025160917,1,1,1,1,0,1
0.025160958,0,1,0,1,0,1
0.025265250,1,1,1,1,1,1
0.025369292,0,1,0,1,0,1
0.025473625,1,1,1,1,1,1
0.025577667,0,1,0,1,0,1
0.025682000,1,1,1,1,1,1
0.025786042,0,1,0,1,0,1
0.025994542,1,1,1,1,1,1
0.026098583,0,1,0,1,0,1
0.026202917,1,1,1,1,1,1
0.026306958,0,1,0,1,0,1
0.026411292,1,1,1,1,1,1
0.026515333,0,1,0,1,0,1
0.026619625,1,1,0,1,0,1
0.026619667,1,1,1,1,1,1
0.026827875,0,1,0,1,0,1
0.026932167,1,1,0,1,0,1
0.026932208,1,1,1,1,1,1
0.027036250,0,1,0,1,0,1
0.027765667,1,1,1,1,1,1
0.027869708,0,1,0,1,0,1
0.027974000,1,1,0,1,0,1
0.027974042,1,1,1,1,1,1
0.028078083,0,1,0,1,0,1
0.028807500,1,1,1,1,1,1
0.028911542,0,1,0,1,0,1
0.029224208,1,1,1,1,0,1
0.029224250,1,1,1,1,1,1
0.029328292,0,1,0,1,0,1
0.029536792,1,1,1,1,1,1
0.029640833,0,1,0,1,0,1
0.029849333,1,1,1,1,1,1
0.029933125,1,1,1,1,1,0
0.029933167,1,0,1,1,1,0
0.030037125,1,0,1,1,1,1
0.030037208,1,1,1,1,1,1
0.030141167,1,1,1,1,1,0
0.030141208,1,0,1,1,1,0
0.030245167,1,0,1,1,1,1
0.030245250,1,1,1,1,1,1
0.030349208,1,1,1,1,1,0
0.030349250,1,0,1,1,1,0
0.030453208,1,0,1,1,1,1
0.030453292,1,1,1,1,1,1
0.030557250,1,1,1,1,1,0
0.030557292,1,0,1,1,1,0
0.030661250,1,0,1,1,1,1
0.030661333,1,1,1,1,1,1
0.030765292,1,1,1,1,1,0
0.030765333,1,0,1,1,1,0
0.030869292,1,0,1,1,1,1
0.030869375,1,1,1,1,1,1
0.030973333,1,1,1,1,1,0
0.030973375,1,0,1,1,1,0
0.031181333,1,0,1,1,1,1
0.031181417,1,1,1,1,1,1
0.031285375,1,1,1,1,1,0
0.031285417,1,0,1,1,1,0
0.031389375,1,0,1,1,1,1
0.031389458,1,1,1,1,1,1
0.031493417,1,1,1,1,1,0
0.031493458,1,0,1,1,1,0
0.031597417,1,0,1,1,1,1
0.031597500,1,1,1,1,1,1
0.031701458,1,1,1,1,1,0
0.031701500,1,0,1,1,1,0
0.031805458,1,0,1,1,1,1
0.031805542,1,1,1,1,1,1
0.032013542,1,1,1,1,1,0
0.032013583,1,0,1,1,1,0
0.032117542,1,0,1,1,1,1
0.032117625,1,1,1,1,1,1
0.032221583,1,1,1,1,1,0
0.032221625,1,0,1,1,1,0
0.032949708,1,0,1,1,1,1
0.032949792,1,1,1,1,1,1
0.033053708,1,1,1,1,1,0
0.033053750,1,0,1,1,1,0
0.033157750,1,0,1,1,1,1
0.033157833,1,1,1,1,1,1
0.033261750,1,1,1,1,1,0
0.033261792,1,0,1,1,1,0
0.033365792,1,0,1,1,1,1
0.033365875,1,1,1,1,1,1
0.033469792,1,1,1,1,1,0
0.033469833,1,0,1,1,1,0
0.033989875,1,0,1,1,1,1
0.033990000,1,1,1,1,1,1
0.034093917,1,1,1,1,1,0
0.034093958,1,0,1,1,1,0
0.034405958,1,0,1,1,1,1
0.034406083,1,1,1,1,1,1
0.034510000,1,1,1,1,1,0
0.034510042,1,0,1,1,1,0
0.034718042,1,0,1,1,1,1
0.034718125,1,1,1,1,1,1
0.034822083,1,1,1,1,1,0
0.034822125,1,0,1,1,1,0
0.035030083,1,0,1,1,1,1
0.035030167,1,1,1,1,1,1
0.035134125,1,1,1,1,1,0
0.035134167,1,0,1,1,1,0
0.035446167,1,0,1,1,1,1
0.035446250,1,1,1,1,1,1
0.035550208,1,1,1,1,1,0
0.035550250,1,0,1,1,1,0
0.035654208,1,0,1,1,1,1
0.035654292,1,1,1,1,1,1
0.035758250,1,1,1,1,1,0
0.035758292,1,0,1,1,1,0
0.036070292,1,0,1,1,1,1
0.036070375,1,1,1,1,1,1
0.036174333,1,1,1,1,1,0
0.036174375,1,0,1,1,1,0
0.036278333,1,0,1,1,1,1
0.036278417,1,1,1,1,1,1
0.037214542,1,1,1,1,1,0
0.037214583,1,0,1,1,1,0
0.037526583,1,0,1,1,1,1
0.037526667,1,1,1,1,1,1
0.038254750,1,1,1,1,1,0
0.038254792,1,0,1,1,1,0
0.038566792,1,0,1,1,1,1
0.038566875,1,1,1,1,1,1
0.038982875,1,1,1,1,1,0
0.038982917,1,0,1,1,1,0
0.039190917,1,0,1,1,1,1
0.039191000,1,1,1,1,1,1
0.058187083,0,1,0,1,0,1
0.058291417,1,1,1,1,1,1
0.058395458,0,1,0,1,0,1
0.058499750,1,1,1,1,1,1
0.058603833,0,1,0,1,0,1
0.058708125,1,1,1,1,1,1
0.058812167,0,1,1,1,0,1
0.058812208,0,1,0,1,0,1
0.058916500,1,1,1,1,1,1
0.059020542,0,1,0,1,0,1
0.059124875,1,1,1,1,1,1
0.059228917,0,1,0,1,0,1
0.059437417,1,1,1,1,1,1
0.059541458,0,1,0,1,0,1
0.059645792,1,1,1,1,1,1
0.059749833,0,1,0,1,0,1
0.059854167,1,1,1,1,1,1
0.059958208,0,1,0,1,0,1
0.060062500,1,1,0,1,1,1
0.060062542,1,1,1,1,1,1
0.060270750,0,1,0,1,0,1
0.060375083,1,1,1,1,1,1
0.060479125,0,1,0,1,0,1
0.061208542,1,1,1,1,1,1
0.061312583,0,1,0,1,0,1
0.061625250,1,1,0,1,0,1
0.061625292,1,1,1,1,1,1
0.061729333,0,1,0,1,0,1
0.062250375,1,1,1,1,1,1
0.062354417,0,1,0,1,0,1
0.062458750,1,1,1,1,1,1
0.062562792,0,1,0,1,0,1
0.062979667,1,1,1,1,1,1
0.063083708,0,1,0,1,0,1
0.063292208,1,1,1,1,1,1
0.063396250,0,1,0,1,0,1
0.063500583,1,1,1,1,1,1
0.063604625,0,1,0,1,0,1
0.064334042,1,1,1,1,1,1
0.064438083,0,1,0,1,0,1
0.065375875,1,1,1,1,1,1
0.065479917,0,1,0,1,0,1
0.066417708,1,1,1,1,1,1
0.066548250,1,1,1,1,1,0
0.066548292,1,0,1,1,1,0
0.066652250,1,0,1,1,1,1
0.066652333,1,1,1,1,1,1
0.066756292,1,1,1,1,1,0
0.066756333,1,0,1,1,1,0
0.066860292,1,0,1,1,1,1
0.066860375,1,1,1,1,1,1
0.066964333,1,1,1,1,1,0
0.066964375,1,0,1,1,1,0
0.067068333,1,0,1,1,1,1
0.067068417,1,1,1,1,1,1
0.067172375,1,1,1,1,1,0
0.067172417,1,0,1,1,1,0
0.067276375,1,0,1,1,1,1
0.067276458,1,1,1,1,1,1
0.067380417,1,1,1,1,1,0
0.067380458,1,0,1,1,1,0
0.067484417,1,0,1,1,1,1
0.067484500,1,1,1,1,1,1
0.067588458,1,1,1,1,1,0
0.067588500,1,0,1,1,1,0
0.067796500,1,0,1,1,1,1
0.067796583,1,1,1,1,1,1
0.067900542,1,1,1,1,1,0
0.067900583,1,0,1,1,1,0
0.068004542,1,0,1,1,1,1
0.068004625,1,1,1,1,1,1
0.068108542,1,1,1,1,1,0
0.068108583,1,0,1,1,1,0
0.068212583,1,0,1,1,1,1
0.068212625,1,1,1,1,1,1
0.068316583,1,1,1,1,1,0
0.068316625,1,0,1,1,1,0
0.068420625,1,0,1,1,1,1
0.068420708,1,1,1,1,1,1
0.068628667,1,1,1,1,1,0
0.068628708,1,0,1,1,1,0
0.068732667,1,0,1,1,1,1
0.068732750,1,1,1,1,1,1
0.068836708,1,1,1,1,1,0
0.068836750,1,0,1,1,1,0
0.069564833,1,0,1,1,1,1
0.069564917,1,1,1,1,1,1
0.069668875,1,1,1,1,1,0
0.069668917,1,0,1,1,1,0
0.069772875,1,0,1,1,1,1
0.069772917,1,1,1,1,1,1
0.069876917,1,1,1,1,1,0
0.069876958,1,0,1,1,1,0
0.069980917,1,0,1,1,1,1
0.069981000,1,1,1,1,1,1
0.070084958,1,1,1,1,1,0
0.070085000,1,0,1,1,1,0
0.070605042,1,0,1,1,1,1
0.070605125,1,1,1,1,1,1
0.070709083,1,1,1,1,1,0
0.070709125,1,0,1,1,1,0
0.071021125,1,0,1,1,1,1
0.071021208,1,1,1,1,1,1
0.071125167,1,1,1,1,1,0
0.071125208,1,0,1,1,1,0
0.071333167,1,0,1,1,1,1
0.071333250,1,1,1,1,1,1
0.071437208,1,1,1,1,1,0
0.071437250,1,0,1,1,1,0
0.071645250,1,0,1,1,1,1
0.071645333,1,1,1,1,1,1
0.071749292,1,1,1,1,1,0
0.071749333,1,0,1,1,1,0
0.072061333,1,0,1,1,1,1
0.072061417,1,1,1,1,1,1
0.072165333,1,1,1,1,1,0
0.072165375,1,0,1,1,1,0
0.072269375,1,0,1,1,1,1
0.072269417,1,1,1,1,1,1
0.072373375,1,1,1,1,1,0
0.072373417,1,0,1,1,1,0
0.072685458,1,0,1,1,1,1
0.072685542,1,1,1,1,1,1
0.072789458,1,1,1,1,1,0
0.072789500,1,0,1,1,1,0
0.072893458,1,0,1,1,1,1
0.072893583,1,1,1,1,1,1
0.073829667,1,1,1,1,1,0
0.073829708,1,0,1,1,1,0
0.074141708,1,0,1,1,1,1
0.074141792,1,1,1,1,1,1
0.074869875,1,1,1,1,1,0
0.074869917,1,0,1,1,1,0
0.075181917,1,0,1,1,1,1
0.075182000,1,1,1,1,1,1
0.075598042,1,1,1,1,1,0
0.075598083,1,0,1,1,1,0
0.075806042,1,0,1,1,1,1
0.075806125,1,1,1,1,1,1
0.289057542,0,1,0,1,0,1
0.289161875,1,1,1,1,1,1
0.289265917,0,1,0,1,0,1
0.289370208,1,1,0,1,0,1
0.289370250,1,1,1,1,1,1
0.289474292,0,1,0,1,0,1
0.289578583,1,1,1,1,1,1
0.289682625,1,1,1,1,0,1
0.289682667,0,1,0,1,0,1
0.289786958,1,1,1,1,1,1
0.289891000,0,1,0,1,0,1
0.289995333,1,1,1,1,1,1
0.290099375,0,1,0,1,0,1
0.290307875,1,1,1,1,1,1
0.290411917,0,1,0,1,0,1
0.290516250,1,1,1,1,1,1
0.290620292,0,1,0,1,0,1
0.290724625,1,1,1,1,1,1
0.290828667,0,1,0,1,0,1
0.290932958,1,1,0,1,0,1
0.290933000,1,1,1,1,1,1
0.291141208,0,1,0,1,0,1
0.291245542,1,1,1,1,1,1
0.291349583,0,1,0,1,0,1
0.292079000,1,1,1,1,1,1
0.292183042,0,1,0,1,0,1
0.292287375,1,1,1,1,1,1
0.292391417,0,1,0,1,0,1
0.293120833,1,1,1,1,1,1
0.293224875,0,1,0,1,0,1
0.293537583,1,1,1,1,1,1
0.293641625,0,1,0,1,0,1
0.294162667,1,1,1,1,1,1
0.294356083,1,1,1,0,1,1
0.294356125,1,0,1,0,1,1
0.294460125,1,0,1,1,1,1
0.294460167,1,1,1,1,1,1
0.294564125,1,1,1,0,1,1
0.294564208,1,0,1,0,1,1
0.294668167,1,0,1,1,1,1
0.294668208,1,1,1,1,1,1
0.294772167,1,1,1,0,1,1
0.294772250,1,0,1,0,1,1
0.294876208,1,0,1,1,1,1
0.294876292,1,1,1,1,1,1
0.294980250,1,1,1,0,1,1
0.294980292,1,0,1,0,1,1
0.295084250,1,0,1,1,1,1
0.295084292,1,1,1,1,1,1
0.295188292,1,1,1,0,1,1
0.295188333,1,0,1,0,1,1
0.295292292,1,0,1,1,1,1
0.295292375,1,1,1,1,1,1
0.295396333,1,1,1,0,1,1
0.295396375,1,0,1,0,1,1
0.295604333,1,0,1,1,1,1
0.295604417,1,1,1,1,1,1
0.295708375,1,1,1,0,1,1
0.295708417,1,0,1,0,1,1
0.295812375,1,0,1,1,1,1
0.295812458,1,1,1,1,1,1
0.295916417,1,1,1,0,1,1
0.295916458,1,0,1,0,1,1
0.296020417,1,0,1,1,1,1
0.296020500,1,1,1,1,1,1
0.296124458,1,1,1,0,1,1
0.296124500,1,0,1,0,1,1
0.296228458,1,0,1,1,1,1
0.296228542,1,1,1,1,1,1
0.296436542,1,1,1,0,1,1
0.296436583,1,0,1,0,1,1
0.296540542,1,0,1,1,1,1
0.296540625,1,1,1,1,1,1
0.296644583,1,1,1,0,1,1
0.296644625,1,0,1,0,1,1
0.297372708,1,0,1,1,1,1
0.297372792,1,1,1,1,1,1
0.297476750,1,1,1,0,1,1
0.297476792,1,0,1,0,1,1
0.297580750,1,0,1,1,1,1
0.297580833,1,1,1,1,1,1
0.297684792,1,1,1,0,1,1
0.297684833,1,0,1,0,1,1
0.297788792,1,0,1,1,1,1
0.297788875,1,1,1,1,1,1
0.297892833,1,1,1,0,1,1
0.297892875,1,0,1,0,1,1
0.298412917,1,0,1,1,1,1
0.298413000,1,1,1,1,1,1
0.298516958,1,1,1,0,1,1
0.298517000,1,0,1,0,1,1
0.298829042,1,0,1,1,1,1
0.298829083,1,1,1,1,1,1
0.298933042,1,1,1,0,1,1
0.298933083,1,0,1,0,1,1
0.299453167,1,0,1,1,1,1
0.299453250,1,1,1,1,1,1
0.299557208,1,1,1,0,1,1
0.299557250,1,0,1,0,1,1
0.299869250,1,0,1,1,1,1
0.299869333,1,1,1,1,1,1
0.299973292,1,1,1,0,1,1
0.299973333,1,0,1,0,1,1
0.300077292,1,0,1,1,1,1
0.300077333,1,1,1,1,1,1
0.300181333,1,1,1,0,1,1
0.300181375,1,0,1,0,1,1
0.300493375,1,0,1,1,1,1
0.300493458,1,1,1,1,1,1
0.300597417,1,1,1,0,1,1
0.300597458,1,0,1,0,1,1
0.301533583,1,0,1,1,1,1
0.301533667,1,1,1,1,1,1
0.301637625,1,1,1,0,1,1
0.301637667,1,0,1,0,1,1
0.301741625,1,0,1,1,1,1
0.301741708,1,1,1,1,1,1
0.301949708,1,1,1,0,1,1
0.301949750,1,0,1,0,1,1
0.302053708,1,0,1,1,1,1
0.302053750,1,1,1,1,1,1
0.302157750,1,1,1,0,1,1
0.302157792,1,0,1,0,1,1
0.302573792,1,0,1,1,1,1
0.302573875,1,1,1,1,1,1
0.302677833,1,1,1,0,1,1
0.302677875,1,0,1,0,1,1
0.302885875,1,0,1,1,1,1
0.302885958,1,1,1,1,1,1
0.303197958,1,1,1,0,1,1
0.303198000,1,0,1,0,1,1
0.303510000,1,0,1,1,1,1
0.303510042,1,1,1,1,1,1
0.314478292,0,1,0,1,0,1
0.314582625,1,1,1,1,1,1
0.314686667,0,1,0,1,0,1
0.314791000,1,1,1,1,1,1
0.314895042,0,1,0,1,0,1
0.314999333,1,1,1,1,1,1
0.315103417,0,1,0,1,0,1
0.315207708,1,1,1,1,1,1
0.315311750,0,1,1,1,0,1
0.315311792,0,1,0,1,0,1
0.315416083,1,1,1,1,1,1
0.315520125,0,1,0,1,0,1
0.315728625,1,1,1,1,1,1
0.315832667,0,1,1,1,0,1
0.315832708,0,1,0,1,0,1
0.315937000,1,1,1,1,1,1
0.316041042,0,1,0,1,0,1
0.316145375,1,1,1,1,1,1
0.316249417,0,1,0,1,0,1
0.316353750,1,1,1,1,1,1
0.316561958,0,1,0,1,0,1
0.316666292,1,1,1,1,1,1
0.316770333,0,1,0,1,0,1
0.317499792,1,1,1,1,1,1
0.317603792,0,1,0,1,0,1
0.317708125,1,1,1,1,1,1
0.317812167,0,1,0,1,0,1
0.318541583,1,1,1,1,1,1
0.318645625,0,1,0,1,0,1
0.318958333,1,1,1,1,1,1
0.319062375,0,1,0,1,0,1
0.319270875,1,1,1,1,1,1
0.319374917,0,1,0,1,0,1
0.319583417,1,1,1,1,1,1
0.319733625,1,1,1,1,1,0
0.319733667,1,0,1,1,1,0
0.319837625,1,0,1,1,1,1
0.319837708,1,1,1,1,1,1
0.319941667,1,1,1,1,1,0
0.319941708,1,0,1,1,1,0
0.320045667,1,0,1,1,1,1
0.320045750,1,1,1,1,1,1
0.320149708,1,1,1,1,1,0
0.320149750,1,0,1,1,1,0
0.320253708,1,0,1,1,1,1
0.320253792,1,1,1,1,1,1
0.320357750,1,1,1,1,1,0
0.320357792,1,0,1,1,1,0
0.320461750,1,0,1,1,1,1
0.320461833,1,1,1,1,1,1
0.320565792,1,1,1,1,1,0
0.320565833,1,0,1,1,1,0
0.320669792,1,0,1,1,1,1
0.320669875,1,1,1,1,1,1
0.320773833,1,1,1,1,1,0
0.320773875,1,0,1,1,1,0
0.320981833,1,0,1,1,1,1
0.320981917,1,1,1,1,1,1
0.321085875,1,1,1,1,1,0
0.321085917,1,0,1,1,1,0
0.321189875,1,0,1,1,1,1
0.321189958,1,1,1,1,1,1
0.321293917,1,1,1,1,1,0
0.321293958,1,0,1,1,1,0
0.321397917,1,0,1,1,1,1
0.321398000,1,1,1,1,1,1
0.321501958,1,1,1,1,1,0
0.321502000,1,0,1,1,1,0
0.321605958,1,0,1,1,1,1
0.321606042,1,1,1,1,1,1
0.321814042,1,1,1,1,1,0
0.321814083,1,0,1,1,1,0
0.321918042,1,0,1,1,1,1
0.321918125,1,1,1,1,1,1
0.322022083,1,1,1,1,1,0
0.322022125,1,0,1,1,1,0
0.322750208,1,0,1,1,1,1
0.322750292,1,1,1,1,1,1
0.322854208,1,1,1,1,1,0
0.322854250,1,0,1,1,1,0
0.322958250,1,0,1,1,1,1
0.322958333,1,1,1,1,1,1
0.323062250,1,1,1,1,1,0
0.323062292,1,0,1,1,1,0
0.323166292,1,0,1,1,1,1
0.323166375,1,1,1,1,1,1
0.323270292,1,1,1,1,1,0
0.323270333,1,0,1,1,1,0
0.323790375,1,0,1,1,1,1
0.323790500,1,1,1,1,1,1
0.323894417,1,1,1,1,1,0
0.323894458,1,0,1,1,1,0
0.324206458,1,0,1,1,1,1
0.324206542,1,1,1,1,1,1
0.324310500,1,1,1,1,1,0
0.324310542,1,0,1,1,1,0
0.324518542,1,0,1,1,1,1
0.324518625,1,1,1,1,1,1
0.324622583,1,1,1,1,1,0
0.324622625,1,0,1,1,1,0
0.324830583,1,0,1,1,1,1
0.324830667,1,1,1,1,1,1
0.324934625,1,1,1,1,1,0
0.324934667,1,0,1,1,1,0
0.325246667,1,0,1,1,1,1
0.325246750,1,1,1,1,1,1
0.325350708,1,1,1,1,1,0
0.325350750,1,0,1,1,1,0
0.325454708,1,0,1,1,1,1
0.325454792,1,1,1,1,1,1
0.325558750,1,1,1,1,1,0
0.325558792,1,0,1,1,1,0
0.325870792,1,0,1,1,1,1
0.325870875,1,1,1,1,1,1
0.325974833,1,1,1,1,1,0
0.325974875,1,0,1,1,1,0
0.326078833,1,0,1,1,1,1
0.326078917,1,1,1,1,1,1
0.327015042,1,1,1,1,1,0
0.327015083,1,0,1,1,1,0
0.327327083,1,0,1,1,1,1
0.327327167,1,1,1,1,1,1
0.328055250,1,1,1,1,1,0
0.328055292,1,0,1,1,1,0
0.328367292,1,0,1,1,1,1
0.328367375,1,1,1,1,1,1
0.328783375,1,1,1,1,1,0
0.328783417,1,0,1,1,1,0
0.328991417,1,0,1,1,1,1
0.328991500,1,1,1,1,1,1
0.347921167,0,1,0,1,0,1
0.348025500,1,1,1,1,1,1
0.348129542,0,1,0,1,0,1
0.348233875,1,1,1,1,1,1
0.348337917,0,1,0,1,0,1
0.348442208,1,1,0,1,0,1
0.348442250,1,1,1,1,1,1
0.348546292,0,1,0,1,0,1
0.348650583,1,1,1,1,1,1
0.348754625,1,1,1,1,0,1
0.348754667,0,1,0,1,0,1
0.348858958,1,1,1,1,1,1
0.348963000,0,1,0,1,0,1
0.349171500,1,1,1,1,1,1
0.349275542,1,1,1,1,0,1
0.349275583,0,1,0,1,0,1
0.349379875,1,1,1,1,1,1
0.349483917,0,1,0,1,0,1
0.349588250,1,1,1,1,1,1
0.349692292,0,1,0,1,0,1
0.349796625,1,1,1,1,1,1
0.350004833,0,1,0,1,0,1
0.350109167,1,1,1,1,1,1
0.350213208,0,1,0,1,0,1
0.350942625,1,1,1,1,1,1
0.351046667,0,1,0,1,0,1
0.351359375,1,1,1,1,1,1
0.351463417,0,1,0,1,0,1
0.351984458,1,1,1,1,1,1
0.352088500,0,1,0,1,0,1
0.352192833,1,1,1,1,1,1
0.352296875,0,1,0,1,0,1
0.352713750,1,1,1,1,1,1
0.352817792,0,1,0,1,0,1
0.353026292,1,1,1,1,1,1
0.353130333,0,1,0,1,0,1
0.353234667,1,1,1,1,1,1
0.353338708,0,1,0,1,0,1
0.354068125,1,1,1,1,1,1
0.354172167,0,1,0,1,0,1
0.355109958,1,1,1,1,1,1
0.355214000,0,1,1,1,0,1
0.355214042,0,1,0,1,0,1
0.356151792,1,1,1,1,1,1
0.356348750,1,1,1,1,1,0
0.356348792,1,0,1,1,1,0
0.356452750,1,0,1,1,1,1
0.356452833,1,1,1,1,1,1
0.356556792,1,1,1,1,1,0
0.356556833,1,0,1,1,1,0
0.356660792,1,0,1,1,1,1
0.356660875,1,1,1,1,1,1
0.356764833,1,1,1,1,1,0
0.356764875,1,0,1,1,1,0
0.356868833,1,0,1,1,1,1
0.356868917,1,1,1,1,1,1
0.356972875,1,1,1,1,1,0
0.356972917,1,0,1,1,1,0
0.357076875,1,0,1,1,1,1
0.357076958,1,1,1,1,1,1
0.357180917,1,1,1,1,1,0
0.357180958,1,0,1,1,1,0
0.357284917,1,0,1,1,1,1
0.357285000,1,1,1,1,1,1
0.357388958,1,1,1,1,1,0
0.357389000,1,0,1,1,1,0
0.357597000,1,0,1,1,1,1
0.357597083,1,1,1,1,1,1
0.357701000,1,1,1,1,1,0
0.357701042,1,0,1,1,1,0
0.357805042,1,0,1,1,1,1
0.357805125,1,1,1,1,1,1
0.357909042,1,1,1,1,1,0
0.357909083,1,0,1,1,1,0
0.358013083,1,0,1,1,1,1
0.358013167,1,1,1,1,1,1
0.358117083,1,1,1,1,1,0
0.358117125,1,0,1,1,1,0
0.358221125,1,0,1,1,1,1
0.358221208,1,1,1,1,1,1
0.358429167,1,1,1,1,1,0
0.358429208,1,0,1,1,1,0
0.358533167,1,0,1,1,1,1
0.358533250,1,1,1,1,1,1
0.358637208,1,1,1,1,1,0
0.358637250,1,0,1,1,1,0
0.359365333,1,0,1,1,1,1
0.359365417,1,1,1,1,1,1
0.359469375,1,1,1,1,1,0
0.359469417,1,0,1,1,1,0
0.359573375,1,0,1,1,1,1
0.359573458,1,1,1,1,1,1
0.359677417,1,1,1,1,1,0
0.359677458,1,0,1,1,1,0
0.359781417,1,0,1,1,1,1
0.359781500,1,1,1,1,1,1
0.359885458,1,1,1,1,1,0
0.359885500,1,0,1,1,1,0
0.360405542,1,0,1,1,1,1
0.360405625,1,1,1,1,1,1
0.360509583,1,1,1,1,1,0
0.360509625,1,0,1,1,1,0
0.360821625,1,0,1,1,1,1
0.360821708,1,1,1,1,1,1
0.360925667,1,1,1,1,1,0
0.360925708,1,0,1,1,1,0
0.361133667,1,0,1,1,1,1
0.361133750,1,1,1,1,1,1
0.361237708,1,1,1,1,1,0
0.361237750,1,0,1,1,1,0
0.361445750,1,0,1,1,1,1
0.361445833,1,1,1,1,1,1
0.361549750,1,1,1,1,1,0
0.361549833,1,0,1,1,1,0
0.361861833,1,0,1,1,1,1
0.361861917,1,1,1,1,1,1
0.361965833,1,1,1,1,1,0
0.361965875,1,0,1,1,1,0
0.362069875,1,0,1,1,1,1
0.362069958,1,1,1,1,1,1
0.362173875,1,1,1,1,1,0
0.362173917,1,0,1,1,1,0
0.362485917,1,0,1,1,1,1
0.362486042,1,1,1,1,1,1
0.362589958,1,1,1,1,1,0
0.362590000,1,0,1,1,1,0
0.362693958,1,0,1,1,1,1
0.362694083,1,1,1,1,1,1
0.363630167,1,1,1,1,1,0
0.363630208,1,0,1,1,1,0
0.363942208,1,0,1,1,1,1
0.363942292,1,1,1,1,1,1
0.364670375,1,1,1,1,1,0
0.364670417,1,0,1,1,1,0
0.364982417,1,0,1,1,1,1
0.364982500,1,1,1,1,1,1
0.365398500,1,1,1,1,1,0
0.365398542,1,0,1,1,1,0
0.365606542,1,0,1,1,1,1
0.365606625,1,1,1,1,1,1
0.578791625,0,1,0,1,0,1
0.578895958,1,1,1,1,1,1
0.579000000,0,1,0,1,0,1
0.579104333,1,1,1,1,1,1
0.579208375,0,1,0,1,0,1
0.579312667,1,1,0,1,0,1
0.579312708,1,1,1,1,1,1
0.579416750,0,1,0,1,0,1
0.579521042,1,1,1,1,1,1
0.579625083,1,1,1,1,0,1
0.579625125,0,1,0,1,0,1
0.579729417,1,1,1,1,1,1
0.579833458,0,1,0,1,0,1
0.580041958,1,1,1,1,1,1
0.580146000,1,1,1,1,0,1
0.580146042,0,1,0,1,0,1
0.580250333,1,1,1,1,1,1
0.580354375,0,1,0,1,0,1
0.580458708,1,1,1,1,1,1
0.580562750,0,1,0,1,0,1
0.580667083,1,1,1,1,1,1
0.580875292,0,1,0,1,0,1
0.580979625,1,1,1,1,1,1
0.581083667,0,1,0,1,0,1
0.581813083,1,1,1,1,1,1
0.581917125,0,1,0,1,0,1
0.582021458,1,1,1,1,1,1
0.582125500,0,1,0,1,0,1
0.582854917,1,1,1,1,1,1
0.582958958,0,1,1,1,0,1
0.582959000,0,1,0,1,0,1
0.583271667,1,1,1,1,1,1
0.583375708,0,1,0,1,0,1
0.583896750,1,1,1,1,1,1
0.584056708,1,1,1,0,1,1
0.584056750,1,0,1,0,1,1
0.584160708,1,0,1,1,1,1
0.584160792,1,1,1,1,1,1
0.584264750,1,1,1,0,1,1
0.584264792,1,0,1,0,1,1
0.584368750,1,0,1,1,1,1
0.584368833,1,1,1,1,1,1
0.584472792,1,1,1,0,1,1
0.584472833,1,0,1,0,1,1
0.584576792,1,0,1,1,1,1
0.584576875,1,1,1,1,1,1
0.584680833,1,1,1,0,1,1
0.584680875,1,0,1,0,1,1
0.584784833,1,0,1,1,1,1
0.584784917,1,1,1,1,1,1
0.584888875,1,1,1,0,1,1
0.584888917,1,0,1,0,1,1
0.584992917,1,0,1,1,1,1
0.584992958,1,1,1,1,1,1
0.585096917,1,1,1,0,1,1
0.585096958,1,0,1,0,1,1
0.585304958,1,0,1,1,1,1
0.585305000,1,1,1,1,1,1
0.585409000,1,1,1,0,1,1
0.585409042,1,0,1,0,1,1
0.585513000,1,0,1,1,1,1
0.585513083,1,1,1,1,1,1
0.585617042,1,1,1,0,1,1
0.585617083,1,0,1,0,1,1
0.585721042,1,0,1,1,1,1
0.585721125,1,1,1,1,1,1
0.585825083,1,1,1,0,1,1
0.585825125,1,0,1,0,1,1
0.585929083,1,0,1,1,1,1
0.585929167,1,1,1,1,1,1
0.586137167,1,1,1,0,1,1
0.586137208,1,0,1,0,1,1
0.586241167,1,0,1,1,1,1
0.586241250,1,1,1,1,1,1
0.586345208,1,1,1,0,1,1
0.586345250,1,0,1,0,1,1
0.587073333,1,0,1,1,1,1
0.587073375,1,1,1,1,1,1
0.587177375,1,1,1,0,1,1
0.587177417,1,0,1,0,1,1
0.587281375,1,0,1,1,1,1
0.587281458,1,1,1,1,1,1
0.587385417,1,1,1,0,1,1
0.587385458,1,0,1,0,1,1
0.587489417,1,0,1,1,1,1
0.587489500,1,1,1,1,1,1
0.587593458,1,1,1,0,1,1
0.587593500,1,0,1,0,1,1
0.588113542,1,0,1,1,1,1
0.588113625,1,1,1,1,1,1
0.588321625,1,1,1,0,1,1
0.588321667,1,0,1,0,1,1
0.588633667,1,0,1,1,1,1
0.588633708,1,1,1,1,1,1
0.588737708,1,1,1,0,1,1
0.588737750,1,0,1,0,1,1
0.589257792,1,0,1,1,1,1
0.589257875,1,1,1,1,1,1
0.589361833,1,1,1,0,1,1
0.589361875,1,0,1,0,1,1
0.589673875,1,0,1,1,1,1
0.589673958,1,1,1,1,1,1
0.589777917,1,1,1,0,1,1
0.589777958,1,0,1,0,1,1
0.589881917,1,0,1,1,1,1
0.589882000,1,1,1,1,1,1
0.589985958,1,1,1,0,1,1
0.589986000,1,0,1,0,1,1
0.590298000,1,0,1,1,1,1
0.590298083,1,1,1,1,1,1
0.590402042,1,1,1,0,1,1
0.590402083,1,0,1,0,1,1
0.591338208,1,0,1,1,1,1
0.591338292,1,1,1,1,1,1
0.591442250,1,1,1,0,1,1
0.591442292,1,0,1,0,1,1
0.591546250,1,0,1,1,1,1
0.591546333,1,1,1,1,1,1
0.591754333,1,1,1,0,1,1
0.591754375,1,0,1,0,1,1
0.591858333,1,0,1,1,1,1
0.591858417,1,1,1,1,1,1
0.591962375,1,1,1,0,1,1
0.591962417,1,0,1,0,1,1
0.592378458,1,0,1,1,1,1
0.592378500,1,1,1,1,1,1
0.592482500,1,1,1,0,1,1
0.592482542,1,0,1,0,1,1
0.592690500,1,0,1,1,1,1
0.592690583,1,1,1,1,1,1
0.592794542,1,1,1,0,1,1
0.592794583,1,0,1,0,1,1
0.592898542,1,0,1,1,1,1
0.592898625,1,1,1,1,1,1
0.593106625,1,1,1,0,1,1
0.593106667,1,0,1,0,1,1
0.593314625,1,0,1,1,1,1
0.593314708,1,1,1,1,1,1
0.604212375,1,1,1,1,0,1
0.604212417,0,1,0,1,0,1
0.604316708,1,1,1,1,1,1
0.604420750,0,1,0,1,0,1
0.604525083,1,1,1,1,1,1
0.604629125,0,1,0,1,0,1
0.604733458,1,1,1,1,1,1
0.604837500,0,1,0,1,0,1
0.604941792,1,1,0,1,1,1
0.604941833,1,1,1,1,1,1
0.605045875,0,1,0,1,0,1
0.605150167,1,1,1,1,1,1
0.605254208,1,1,1,1,0,1
0.605254250,0,1,0,1,0,1
0.605462708,1,1,1,1,1,1
0.605566792,0,1,0,1,0,1
0.605671083,1,1,1,1,1,1
0.605775125,1,1,1,1,0,1
0.605775167,0,1,0,1,0,1
0.605879458,1,1,1,1,1,1
0.605983500,0,1,0,1,0,1
0.606087833,1,1,1,1,1,1
0.606296042,1,1,1,1,0,1
0.606296083,0,1,0,1,0,1
0.606400375,1,1,1,1,1,1
0.606504417,0,1,0,1,0,1
0.607233833,1,1,1,1,1,1
0.607337875,1,1,1,1,0,1
0.607337917,0,1,0,1,0,1
0.607442208,1,1,1,1,1,1
0.607546250,0,1,0,1,0,1
0.608275667,1,1,1,1,1,1
0.608379708,1,1,1,1,0,1
0.608379750,0,1,0,1,0,1
0.608692417,1,1,1,1,1,1
0.608796458,0,1,0,1,0,1
0.609004958,1,1,1,1,1,1
0.609109000,0,1,0,1,0,1
0.609317500,1,1,1,1,1,1
0.609430083,1,1,1,1,1,0
0.609430125,1,0,1,1,1,0
0.609534083,1,0,1,1,1,1
0.609534208,1,1,1,1,1,1
0.609638125,1,1,1,1,1,0
0.609638167,1,0,1,1,1,0
0.609742125,1,0,1,1,1,1
0.609742208,1,1,1,1,1,1
0.609846167,1,1,1,1,1,0
0.609846208,1,0,1,1,1,0
0.609950167,1,0,1,1,1,1
0.609950250,1,1,1,1,1,1
0.610054208,1,1,1,1,1,0
0.610054250,1,0,1,1,1,0
0.610158208,1,0,1,1,1,1
0.610158292,1,1,1,1,1,1
0.610262250,1,1,1,1,1,0
0.610262292,1,0,1,1,1,0
0.610366250,1,0,1,1,1,1
0.610366333,1,1,1,1,1,1
0.610470292,1,1,1,1,1,0
0.610470333,1,0,1,1,1,0
0.610678333,1,0,1,1,1,1
0.610678417,1,1,1,1,1,1
0.610782375,1,1,1,1,1,0
0.610782417,1,0,1,1,1,0
0.610886375,1,0,1,1,1,1
0.610886458,1,1,1,1,1,1
0.610990417,1,1,1,1,1,0
0.610990458,1,0,1,1,1,0
0.611094417,1,0,1,1,1,1
0.611094500,1,1,1,1,1,1
0.611198458,1,1,1,1,1,0
0.611198500,1,0,1,1,1,0
0.611302458,1,0,1,1,1,1
0.611302542,1,1,1,1,1,1
0.611510500,1,1,1,1,1,0
0.611510542,1,0,1,1,1,0
0.611614500,1,0,1,1,1,1
0.611614583,1,1,1,1,1,1
0.611718542,1,1,1,1,1,0
0.611718583,1,0,1,1,1,0
0.612446667,1,0,1,1,1,1
0.612446750,1,1,1,1,1,1
0.612550708,1,1,1,1,1,0
0.612550750,1,0,1,1,1,0
0.612654708,1,0,1,1,1,1
0.612654792,1,1,1,1,1,1
0.612758750,1,1,1,1,1,0
0.612758792,1,0,1,1,1,0
0.612862750,1,0,1,1,1,1
0.612862833,1,1,1,1,1,1
0.612966792,1,1,1,1,1,0
0.612966833,1,0,1,1,1,0
0.613486875,1,0,1,1,1,1
0.613486958,1,1,1,1,1,1
0.613590917,1,1,1,1,1,0
0.613590958,1,0,1,1,1,0
0.613902958,1,0,1,1,1,1
0.613903042,1,1,1,1,1,1
0.614007000,1,1,1,1,1,0
0.614007042,1,0,1,1,1,0
0.614215000,1,0,1,1,1,1
0.614215083,1,1,1,1,1,1
0.614319042,1,1,1,1,1,0
0.614319083,1,0,1,1,1,0
0.614527083,1,0,1,1,1,1
0.614527167,1,1,1,1,1,1
0.614631125,1,1,1,1,1,0
0.614631167,1,0,1,1,1,0
0.614943167,1,0,1,1,1,1
0.614943250,1,1,1,1,1,1
0.615047208,1,1,1,1,1,0
0.615047250,1,0,1,1,1,0
0.615151208,1,0,1,1,1,1
0.615151292,1,1,1,1,1,1
0.615255250,1,1,1,1,1,0
0.615255292,1,0,1,1,1,0
0.615567292,1,0,1,1,1,1
0.615567375,1,1,1,1,1,1
0.615671333,1,1,1,1,1,0
0.615671375,1,0,1,1,1,0
0.615775333,1,0,1,1,1,1
0.615775417,1,1,1,1,1,1
0.616711500,1,1,1,1,1,0
0.616711542,1,0,1,1,1,0
0.617023542,1,0,1,1,1,1
0.617023667,1,1,1,1,1,1
0.617751708,1,1,1,1,1,0
0.617751750,1,0,1,1,1,0
0.618063750,1,0,1,1,1,1
0.618063833,1,1,1,1,1,1
0.618479875,1,1,1,1,1,0
0.618479917,1,0,1,1,1,0
0.618687875,1,0,1,1,1,1
0.618687958,1,1,1,1,1,1
0.637655250,1,1,1,1,0,1
0.637655292,0,1,0,1,0,1
0.637759583,1,1,1,1,1,1
0.637863625,0,1,0,1,0,1
0.637967958,1,1,1,1,1,1
0.638072000,0,1,0,1,0,1
0.638176333,1,1,1,1,1,1
0.638280375,0,1,0,1,0,1
0.638384667,1,1,0,1,0,1
0.638384708,1,1,1,1,1,1
0.638488750,0,1,0,1,0,1
0.638593042,1,1,1,1,0,1
0.638593083,1,1,1,1,1,1
0.638697083,1,1,1,1,0,1
0.638697125,0,1,0,1,0,1
0.638905583,1,1,1,1,1,1
0.639009667,0,1,0,1,0,1
0.639113958,1,1,1,1,1,1
0.639218000,1,1,1,1,0,1
0.639218042,0,1,0,1,0,1
0.639322333,1,1,1,1,1,1
0.639426375,0,1,0,1,0,1
0.639530708,1,1,1,1,1,1
0.639738917,1,1,1,1,0,1
0.639738958,0,1,0,1,0,1
0.639843250,1,1,1,1,1,1
0.639947292,0,1,0,1,0,1
0.640676708,1,1,1,1,1,1
0.640780792,0,1,0,1,0,1
0.641093458,1,1,1,1,1,1
0.641197500,0,1,0,1,0,1
0.641718542,1,1,1,1,1,1
0.641822625,0,1,0,1,0,1
0.641926917,1,1,1,1,1,1
0.642030958,0,1,1,1,0,1
0.642031000,0,1,0,1,0,1
0.642447833,1,1,1,1,1,1
0.642551875,0,1,1,1,0,1
0.642551917,0,1,0,1,0,1
0.642760375,1,1,0,1,0,1
0.642760417,1,1,1,1,1,1
0.642864458,0,1,0,1,0,1
0.642968750,1,1,1,1,1,1
0.643072792,0,1,1,1,0,1
0.643072833,0,1,0,1,0,1
0.643802208,1,1,1,1,0,1
0.643802250,1,1,1,1,1,1
0.643906292,0,1,0,1,0,1
0.644844042,1,1,0,1,0,1
0.644844083,1,1,1,1,1,1
0.644948125,0,1,0,1,0,1
0.645885875,1,1,1,1,0,1
0.645885917,1,1,1,1,1,1
0.646045250,1,1,1,1,1,0
0.646045292,1,0,1,1,1,0
0.646149250,1,0,1,1,1,1
0.646149333,1,1,1,1,1,1
0.646253292,1,1,1,1,1,0
0.646253333,1,0,1,1,1,0
0.646357292,1,0,1,1,1,1
0.646357375,1,1,1,1,1,1
0.646461333,1,1,1,1,1,0
0.646461375,1,0,1,1,1,0
0.646565333,1,0,1,1,1,1
0.646565417,1,1,1,1,1,1
0.646669375,1,1,1,1,1,0
0.646669417,1,0,1,1,1,0
0.646773375,1,0,1,1,1,1
0.646773458,1,1,1,1,1,1
0.646877417,1,1,1,1,1,0
0.646877458,1,0,1,1,1,0
0.646981417,1,0,1,1,1,1
0.646981500,1,1,1,1,1,1
0.647085417,1,1,1,1,1,0
0.647085500,1,0,1,1,1,0
0.647293458,1,0,1,1,1,1
0.647293542,1,1,1,1,1,1
0.647397500,1,1,1,1,1,0
0.647397542,1,0,1,1,1,0
0.647501500,1,0,1,1,1,1
0.647501583,1,1,1,1,1,1
0.647605542,1,1,1,1,1,0
0.647605583,1,0,1,1,1,0
0.647709542,1,0,1,1,1,1
0.647709625,1,1,1,1,1,1
0.647813583,1,1,1,1,1,0
0.647813625,1,0,1,1,1,0
0.647917583,1,0,1,1,1,1
0.647917667,1,1,1,1,1,1
0.648125625,1,1,1,1,1,0
0.648125667,1,0,1,1,1,0
0.648229625,1,0,1,1,1,1
0.648229750,1,1,1,1,1,1
0.648333667,1,1,1,1,1,0
0.648333708,1,0,1,1,1,0
0.649061792,1,0,1,1,1,1
0.649061875,1,1,1,1,1,1
0.649165833,1,1,1,1,1,0
0.649165875,1,0,1,1,1,0
0.649269833,1,0,1,1,1,1
0.649269917,1,1,1,1,1,1
0.649373875,1,1,1,1,1,0
0.649373917,1,0,1,1,1,0
0.649477875,1,0,1,1,1,1
0.649477958,1,1,1,1,1,1
0.649581917,1,1,1,1,1,0
0.649581958,1,0,1,1,1,0
0.650102000,1,0,1,1,1,1
0.650102083,1,1,1,1,1,1
0.650206042,1,1,1,1,1,0
0.650206083,1,0,1,1,1,0
0.650518083,1,0,1,1,1,1
0.650518167,1,1,1,1,1,1
0.650622125,1,1,1,1,1,0
0.650622167,1,0,1,1,1,0
0.650830167,1,0,1,1,1,1
0.650830250,1,1,1,1,1,1
0.650934167,1,1,1,1,1,0
0.650934208,1,0,1,1,1,0
0.651142208,1,0,1,1,1,1
0.651142292,1,1,1,1,1,1
0.651246250,1,1,1,1,1,0
0.651246292,1,0,1,1,1,0
0.651558292,1,0,1,1,1,1
0.651558375,1,1,1,1,1,1
0.651662333,1,1,1,1,1,0
0.651662375,1,0,1,1,1,0
0.651766333,1,0,1,1,1,1
0.651766417,1,1,1,1,1,1
0.651870375,1,1,1,1,1,0
0.651870417,1,0,1,1,1,0
0.652182417,1,0,1,1,1,1
0.652182500,1,1,1,1,1,1
0.652286458,1,1,1,1,1,0
0.652286500,1,0,1,1,1,0
0.652390458,1,0,1,1,1,1
0.652390542,1,1,1,1,1,1
0.653326667,1,1,1,1,1,0
0.653326708,1,0,1,1,1,0
0.653638708,1,0,1,1,1,1
0.653638792,1,1,1,1,1,1
0.654366875,1,1,1,1,1,0
0.654366917,1,0,1,1,1,0
0.654678917,1,0,1,1,1,1
0.654678958,1,1,1,1,1,1
0.655095000,1,1,1,1,1,0
0.655095042,1,0,1,1,1,0
0.655303042,1,0,1,1,1,1
0.655303125,1,1,1,1,1,1
0.868525750,0,1,0,1,0,1
0.868630042,1,1,1,1,1,1
0.868734083,0,1,0,1,0,1
0.868838417,1,1,1,1,1,1
0.868942458,0,1,0,1,0,1
0.869046792,1,1,1,1,1,1
0.869150833,0,1,0,1,0,1
0.869255167,1,1,1,1,1,1
0.869359208,0,1,0,1,0,1
0.869463500,1,1,1,1,1,1
0.869567583,0,1,0,1,0,1
0.869776083,1,1,1,1,1,1
0.869880125,0,1,0,1,0,1
0.869984417,1,1,1,1,1,1
0.870088500,0,1,0,1,0,1
0.870192792,1,1,1,1,1,1
0.870296833,0,1,1,1,0,1
0.870296875,0,1,0,1,0,1
0.870401167,1,1,1,1,1,1
0.870609417,0,1,0,1,0,1
0.870713708,1,1,1,1,1,1
0.870817750,0,1,1,1,0,1
0.870817792,0,1,0,1,0,1
0.871547167,1,1,0,1,0,1
0.871547208,1,1,1,1,1,1
0.871651250,0,1,0,1,0,1
0.871755542,1,1,1,1,1,1
0.871859583,1,1,1,1,0,1
0.871859625,0,1,0,1,0,1
0.872589000,1,1,1,1,1,1
0.872693083,0,1,0,1,0,1
0.873005750,1,1,1,1,1,1
0.873109792,0,1,0,1,0,1
0.873630833,1,1,1,1,1,1
0.873757333,1,1,1,0,1,1
0.873757375,1,0,1,0,1,1
0.873861333,1,0,1,1,1,1
0.873861375,1,1,1,1,1,1
0.873965375,1,1,1,0,1,1
0.873965417,1,0,1,0,1,1
0.874069375,1,0,1,1,1,1
0.874069458,1,1,1,1,1,1
0.874173417,1,1,1,0,1,1
0.874173458,1,0,1,0,1,1
0.874277417,1,0,1,1,1,1
0.874277500,1,1,1,1,1,1
0.874381458,1,1,1,0,1,1
0.874381500,1,0,1,0,1,1
0.874485458,1,0,1,1,1,1
0.874485542,1,1,1,1,1,1
0.874589500,1,1,1,0,1,1
0.874589542,1,0,1,0,1,1
0.874693500,1,0,1,1,1,1
0.874693583,1,1,1,1,1,1
0.874797542,1,1,1,0,1,1
0.874797583,1,0,1,0,1,1
0.875005583,1,0,1,1,1,1
0.875005667,1,1,1,1,1,1
0.875109625,1,1,1,0,1,1
0.875109667,1,0,1,0,1,1
0.875213625,1,0,1,1,1,1
0.875213708,1,1,1,1,1,1
0.875317667,1,1,1,0,1,1
0.875317708,1,0,1,0,1,1
0.875421667,1,0,1,1,1,1
0.875421750,1,1,1,1,1,1
0.875525708,1,1,1,0,1,1
0.875525750,1,0,1,0,1,1
0.875629708,1,0,1,1,1,1
0.875629750,1,1,1,1,1,1
0.875837750,1,1,1,0,1,1
0.875837792,1,0,1,0,1,1
0.875941792,1,0,1,1,1,1
0.875941833,1,1,1,1,1,1
0.876045792,1,1,1,0,1,1
0.876045875,1,0,1,0,1,1
0.876773958,1,0,1,1,1,1
0.876774042,1,1,1,1,1,1
0.876878000,1,1,1,0,1,1
0.876878042,1,0,1,0,1,1
0.876982000,1,0,1,1,1,1
0.876982042,1,1,1,1,1,1
0.877086042,1,1,1,0,1,1
0.877086083,1,0,1,0,1,1
0.877190042,1,0,1,1,1,1
0.877190125,1,1,1,1,1,1
0.877294083,1,1,1,0,1,1
0.877294125,1,0,1,0,1,1
0.877814167,1,0,1,1,1,1
0.877814250,1,1,1,1,1,1
0.877918208,1,1,1,0,1,1
0.877918250,1,0,1,0,1,1
0.878230250,1,0,1,1,1,1
0.878230333,1,1,1,1,1,1
0.878334292,1,1,1,0,1,1
0.878334333,1,0,1,0,1,1
0.878854375,1,0,1,1,1,1
0.878854458,1,1,1,1,1,1
0.878958417,1,1,1,0,1,1
0.878958458,1,0,1,0,1,1
0.879270458,1,0,1,1,1,1
0.879270542,1,1,1,1,1,1
0.879374500,1,1,1,0,1,1
0.879374542,1,0,1,0,1,1
0.879478500,1,0,1,1,1,1
0.879478583,1,1,1,1,1,1
0.879582542,1,1,1,0,1,1
0.879582583,1,0,1,0,1,1
0.879894583,1,0,1,1,1,1
0.879894667,1,1,1,1,1,1
0.879998625,1,1,1,0,1,1
0.879998667,1,0,1,0,1,1
0.880934833,1,0,1,1,1,1
0.880934875,1,1,1,1,1,1
0.881038875,1,1,1,0,1,1
0.881038917,1,0,1,0,1,1
0.881142875,1,0,1,1,1,1
0.881142958,1,1,1,1,1,1
0.881350917,1,1,1,0,1,1
0.881350958,1,0,1,0,1,1
0.881454917,1,0,1,1,1,1
0.881455000,1,1,1,1,1,1
0.881558958,1,1,1,0,1,1
0.881559000,1,0,1,0,1,1
0.881975042,1,0,1,1,1,1
0.881975083,1,1,1,1,1,1
0.882079083,1,1,1,0,1,1
0.882079125,1,0,1,0,1,1
0.882183083,1,0,1,1,1,1
0.882183167,1,1,1,1,1,1
0.882287125,1,1,1,0,1,1
0.882287167,1,0,1,0,1,1
0.882391125,1,0,1,1,1,1
0.882391167,1,1,1,1,1,1
0.882495167,1,1,1,0,1,1
0.882495208,1,0,1,0,1,1
0.882703208,1,0,1,1,1,1
0.882703250,1,1,1,1,1,1
0.882807208,1,1,1,0,1,1
0.882807250,1,0,1,0,1,1
0.882911250,1,0,1,1,1,1
0.882911292,1,1,1,1,1,1
0.893946500,0,1,0,1,0,1
0.894050792,1,1,1,1,1,1
0.894154833,1,1,1,1,0,1
0.894154875,0,1,0,1,0,1
0.894259167,1,1,1,1,1,1
0.894363208,0,1,0,1,0,1
0.894467542,1,1,1,1,1,1
0.894571583,0,1,0,1,0,1
0.894675917,1,1,1,1,1,1
0.894779958,0,1,0,1,0,1
0.894884250,1,1,0,1,0,1
0.894884292,1,1,1,1,1,1
0.894988333,0,1,0,1,0,1
0.895196833,1,1,1,1,1,1
0.895300875,0,1,0,1,0,1
0.895405167,1,1,0,1,0,1
0.895405208,1,1,1,1,1,1
0.895509250,0,1,0,1,0,1
0.895613542,1,1,1,1,1,1
0.895717583,1,1,1,1,0,1
0.895717625,0,1,0,1,0,1
0.895821917,1,1,1,1,1,1
0.896030167,0,1,0,1,0,1
0.896134458,1,1,1,1,1,1
0.896238500,1,1,1,1,0,1
0.896238542,0,1,0,1,0,1
0.896967917,1,1,0,1,0,1
0.896967958,1,1,1,1,1,1
0.897072000,0,1,0,1,0,1
0.897176292,1,1,1,1,1,1
0.897280333,1,1,1,1,0,1
0.897280375,0,1,0,1,0,1
0.898009750,1,1,0,1,0,1
0.898009792,1,1,1,1,1,1
0.898113833,0,1,0,1,0,1
0.898426500,1,1,1,1,1,1
0.898530542,0,1,0,1,0,1
0.898739042,1,1,1,1,1,1
0.898843125,0,1,0,1,0,1
0.899051583,1,1,0,1,0,1
0.899051625,1,1,1,1,1,1
0.899230583,1,1,1,1,1,0
0.899230625,1,0,1,1,1,0
0.899334583,1,0,1,1,1,1
0.899334667,1,1,1,1,1,1
0.899438625,1,1,1,1,1,0
0.899438667,1,0,1,1,1,0
0.899542625,1,0,1,1,1,1
0.899542708,1,1,1,1,1,1
0.899646667,1,1,1,1,1,0
0.899646708,1,0,1,1,1,0
0.899750667,1,0,1,1,1,1
0.899750750,1,1,1,1,1,1
0.899854708,1,1,1,1,1,0
0.899854750,1,0,1,1,1,0
0.899958708,1,0,1,1,1,1
0.899958792,1,1,1,1,1,1
0.900062750,1,1,1,1,1,0
0.900062792,1,0,1,1,1,0
0.900166750,1,0,1,1,1,1
0.900166833,1,1,1,1,1,1
0.900270792,1,1,1,1,1,0
0.900270833,1,0,1,1,1,0
0.900478833,1,0,1,1,1,1
0.900478917,1,1,1,1,1,1
0.900582875,1,1,1,1,1,0
0.900582917,1,0,1,1,1,0
0.900686875,1,0,1,1,1,1
0.900686958,1,1,1,1,1,1
0.900790917,1,1,1,1,1,0
0.900790958,1,0,1,1,1,0
0.900894917,1,0,1,1,1,1
0.900895000,1,1,1,1,1,1
0.900998958,1,1,1,1,1,0
0.900999000,1,0,1,1,1,0
0.901102958,1,0,1,1,1,1
0.901103042,1,1,1,1,1,1
0.901311000,1,1,1,1,1,0
0.901311042,1,0,1,1,1,0
0.901415000,1,0,1,1,1,1
0.901415083,1,1,1,1,1,1
0.901519042,1,1,1,1,1,0
0.901519083,1,0,1,1,1,0
0.902247167,1,0,1,1,1,1
0.902247250,1,1,1,1,1,1
0.902351208,1,1,1,1,1,0
0.902351250,1,0,1,1,1,0
0.902455208,1,0,1,1,1,1
0.902455292,1,1,1,1,1,1
0.902559250,1,1,1,1,1,0
0.902559292,1,0,1,1,1,0
0.902663250,1,0,1,1,1,1
0.902663333,1,1,1,1,1,1
0.902767292,1,1,1,1,1,0
0.902767333,1,0,1,1,1,0
0.903287375,1,0,1,1,1,1
0.903287458,1,1,1,1,1,1
0.903391417,1,1,1,1,1,0
0.903391458,1,0,1,1,1,0
0.903703458,1,0,1,1,1,1
0.903703542,1,1,1,1,1,1
0.903807500,1,1,1,1,1,0
0.903807542,1,0,1,1,1,0
0.904015500,1,0,1,1,1,1
0.904015583,1,1,1,1,1,1
0.904119542,1,1,1,1,1,0
0.904119583,1,0,1,1,1,0
0.904327583,1,0,1,1,1,1
0.904327667,1,1,1,1,1,1
0.904431625,1,1,1,1,1,0
0.904431667,1,0,1,1,1,0
0.904743667,1,0,1,1,1,1
0.904743750,1,1,1,1,1,1
0.904847708,1,1,1,1,1,0
0.904847750,1,0,1,1,1,0
0.904951708,1,0,1,1,1,1
0.904951792,1,1,1,1,1,1
0.905055750,1,1,1,1,1,0
0.905055792,1,0,1,1,1,0
0.905367792,1,0,1,1,1,1
0.905367875,1,1,1,1,1,1
0.905471792,1,1,1,1,1,0
0.905471833,1,0,1,1,1,0
0.905575833,1,0,1,1,1,1
0.905575917,1,1,1,1,1,1
0.906512000,1,1,1,1,1,0
0.906512042,1,0,1,1,1,0
0.906824042,1,0,1,1,1,1
0.906824167,1,1,1,1,1,1
0.907552208,1,1,1,1,1,0
0.907552250,1,0,1,1,1,0
0.907864250,1,0,1,1,1,1
0.907864333,1,1,1,1,1,1
0.908280375,1,1,1,1,1,0
0.908280417,1,0,1,1,1,0
0.908488375,1,0,1,1,1,1
0.908488458,1,1,1,1,1,1
0.927389375,0,1,0,1,0,1
0.927493667,1,1,1,1,1,1
0.927597750,0,1,0,1,0,1
0.927702042,1,1,1,1,1,1
0.927806083,0,1,0,1,0,1
0.927910417,1,1,1,1,1,1
0.928014458,0,1,0,1,0,1
0.928118792,1,1,1,1,1,1
0.928222833,0,1,0,1,0,1
0.928327125,1,1,0,1,0,1
0.928327167,1,1,1,1,1,1
0.928431208,0,1,0,1,0,1
0.928639708,1,1,1,1,1,1
0.928743750,0,1,0,1,0,1
0.928848042,1,1,0,1,0,1
0.928848083,1,1,1,1,1,1
0.928952125,0,1,0,1,0,1
0.929056417,1,1,1,1,1,1
0.929160500,0,1,0,1,0,1
0.929264792,1,1,1,1,1,1
0.929473042,0,1,0,1,0,1
0.929577333,1,1,1,1,1,1
0.929681417,0,1,0,1,0,1
0.930410833,1,1,1,1,1,1
0.930514875,0,1,0,1,0,1
0.930827542,1,1,1,1,1,1
0.930931583,1,1,1,1,0,1
0.930931625,0,1,0,1,0,1
0.931452667,1,1,1,1,1,1
0.931556708,0,1,0,1,0,1
0.931661000,1,1,0,1,0,1
0.931661042,1,1,1,1,1,1
0.931765083,0,1,0,1,0,1
0.932181917,1,1,0,1,0,1
0.932181958,1,1,1,1,1,1
0.932286000,0,1,0,1,0,1
0.932494458,0,1,1,1,0,1
0.932494500,1,1,1,1,1,1
0.932598542,0,1,0,1,0,1
0.932702833,1,1,0,1,1,1
0.932702875,1,1,1,1,1,1
0.932806917,0,1,0,1,0,1
0.933536333,1,1,1,1,1,1
0.933640375,0,1,0,1,0,1
0.934578167,1,1,1,1,1,1
0.934682208,0,1,0,1,0,1
0.935620000,1,1,1,1,1,1
0.935741708,1,1,1,1,1,0
0.935741750,1,0,1,1,1,0
0.935845708,1,0,1,1,1,1
0.935845792,1,1,1,1,1,1
0.935949750,1,1,1,1,1,0
0.935949792,1,0,1,1,1,0
0.936053750,1,0,1,1,1,1
0.936053833,1,1,1,1,1,1
0.936157792,1,1,1,1,1,0
0.936157833,1,0,1,1,1,0
0.936261792,1,0,1,1,1,1
0.936261875,1,1,1,1,1,1
0.936365833,1,1,1,1,1,0
0.936365875,1,0,1,1,1,0
0.936469833,1,0,1,1,1,1
0.936469917,1,1,1,1,1,1
0.936573875,1,1,1,1,1,0
0.936573917,1,0,1,1,1,0
0.936677875,1,0,1,1,1,1
0.936677958,1,1,1,1,1,1
0.936781917,1,1,1,1,1,0
0.936781958,1,0,1,1,1,0
0.936989958,1,0,1,1,1,1
0.936990042,1,1,1,1,1,1
0.937093958,1,1,1,1,1,0
0.937094000,1,0,1,1,1,0
0.937198000,1,0,1,1,1,1
0.937198083,1,1,1,1,1,1
0.937302000,1,1,1,1,1,0
0.937302042,1,0,1,1,1,0
0.937406000,1,0,1,1,1,1
0.937406125,1,1,1,1,1,1
0.937510042,1,1,1,1,1,0
0.937510083,1,0,1,1,1,0
0.937614042,1,0,1,1,1,1
0.937614167,1,1,1,1,1,1
0.937822125,1,1,1,1,1,0
0.937822167,1,0,1,1,1,0
0.937926125,1,0,1,1,1,1
0.937926208,1,1,1,1,1,1
0.938030167,1,1,1,1,1,0
0.938030208,1,0,1,1,1,0
0.938758292,1,0,1,1,1,1
0.938758375,1,1,1,1,1,1
0.938862333,1,1,1,1,1,0
0.938862375,1,0,1,1,1,0
0.938966333,1,0,1,1,1,1
0.938966417,1,1,1,1,1,1
0.939070375,1,1,1,1,1,0
0.939070417,1,0,1,1,1,0
0.939174375,1,0,1,1,1,1
0.939174458,1,1,1,1,1,1
0.939278417,1,1,1,1,1,0
0.939278458,1,0,1,1,1,0
0.939798500,1,0,1,1,1,1
0.939798583,1,1,1,1,1,1
0.939902542,1,1,1,1,1,0
0.939902583,1,0,1,1,1,0
0.940214583,1,0,1,1,1,1
0.940214667,1,1,1,1,1,1
0.940318583,1,1,1,1,1,0
0.940318625,1,0,1,1,1,0
0.940526625,1,0,1,1,1,1
0.940526708,1,1,1,1,1,1
0.940630667,1,1,1,1,1,0
0.940630708,1,0,1,1,1,0
0.940838708,1,0,1,1,1,1
0.940838792,1,1,1,1,1,1
0.940942708,1,1,1,1,1,0
0.940942750,1,0,1,1,1,0
0.941254792,1,0,1,1,1,1
0.941254875,1,1,1,1,1,1
0.941358792,1,1,1,1,1,0
0.941358833,1,0,1,1,1,0
0.941462792,1,0,1,1,1,1
0.941462917,1,1,1,1,1,1
0.941566833,1,1,1,1,1,0
0.941566875,1,0,1,1,1,0
0.941878875,1,0,1,1,1,1
0.941879000,1,1,1,1,1,1
0.941982917,1,1,1,1,1,0
0.941982958,1,0,1,1,1,0
0.942086917,1,0,1,1,1,1
0.942087000,1,1,1,1,1,1
0.943023125,1,1,1,1,1,0
0.943023167,1,0,1,1,1,0
0.943335167,1,0,1,1,1,1
0.943335250,1,1,1,1,1,1
0.944063333,1,1,1,1,1,0
0.944063375,1,0,1,1,1,0
0.944375375,1,0,1,1,1,1
0.944375458,1,1,1,1,1,1
0.944791458,1,1,1,1,1,0
0.944791500,1,0,1,1,1,0
0.944999500,1,0,1,1,1,1
0.944999583,1,1,1,1,1,1
1.000000042,1,1,1,1,1,1
