Time [s],Channel 0,Channel 1,Channel 2,Channel 3
-0.101252000,1,1,1,0
-0.000000000,0,1,1,0
0.000105000,1,1,1,0
0.000209000,0,1,1,0
0.000313000,1,1,1,0
0.000417000,0,1,1,0
0.000522000,1,1,1,0
0.000626000,0,1,1,0
0.000730000,1,1,1,0
0.000834000,0,1,1,0
0.000938000,1,1,1,0
0.001042000,0,1,1,0
0.001251000,1,1,1,0
0.001355000,0,1,1,0
0.001459000,1,1,1,0
0.001563000,0,1,1,0
0.001668000,1,1,1,0
0.001772000,0,1,1,0
0.001876000,1,1,1,0
0.002084000,0,1,1,0
0.002189000,1,1,1,0
0.002293000,0,1,1,0
0.003022000,1,1,1,0
0.003126000,0,1,1,0
0.003230000,1,1,1,0
0.003334000,0,1,1,0
0.004064000,1,1,1,0
0.004168000,0,1,1,0
0.004481000,1,1,1,0
0.004585000,0,1,1,0
0.005106000,1,1,1,0
0.005337000,1,0,1,0
0.005442000,1,1,1,0
0.005545000,1,0,1,0
0.005650000,1,1,1,0
0.005754000,1,0,1,0
0.005858000,1,1,1,0
0.005962000,1,0,1,0
0.006066000,1,1,1,0
0.006170000,1,0,1,0
0.006274000,1,1,1,0
0.006378000,1,0,1,0
0.006586000,1,1,1,0
0.006690000,1,0,1,0
0.006794000,1,1,1,0
0.006898000,1,0,1,0
0.007002000,1,1,1,0
0.007106000,1,0,1,0
0.007210000,1,1,1,0
0.007418000,1,0,1,0
0.007522000,1,1,1,0
0.007626000,1,0,1,0
0.008354000,1,1,1,0
0.008458000,1,0,1,0
0.008562000,1,1,1,0
0.008666000,1,0,1,0
0.008770000,1,1,1,0
0.008874000,1,0,1,0
0.009394000,1,1,1,0
0.009498000,1,0,1,0
0.009810000,1,1,1,0
0.009914000,1,0,1,0
0.010435000,1,1,1,0
0.010539000,1,0,1,0
0.010851000,1,1,1,0
0.010955000,1,0,1,0
0.011059000,1,1,1,0
0.011163000,1,0,1,0
0.011475000,1,1,1,0
0.011579000,1,0,1,0
0.012515000,1,1,1,0
0.012619000,1,0,1,0
0.013555000,1,1,1,0
0.013659000,1,0,1,0
0.013763000,1,1,1,0
0.013867000,1,0,1,0
0.014179000,1,1,1,0
0.014283000,1,0,1,0
0.014387000,1,1,1,0
0.014491000,1,0,1,0
0.014595000,1,1,1,0
0.025421000,0,1,1,0
0.025526000,1,1,1,0
0.025630000,0,1,1,0
0.025734000,1,1,1,0
0.025838000,0,1,1,0
0.025942000,1,1,1,0
0.026046000,0,1,1,0
0.026151000,1,1,1,0
0.026255000,0,1,1,0
0.026359000,1,1,1,0
0.026463000,0,1,1,0
0.026672000,1,1,1,0
0.026776000,0,1,1,0
0.026880000,1,1,1,0
0.026984000,0,1,1,0
0.027088000,1,1,1,0
0.027192000,0,1,1,0
0.027297000,1,1,1,0
0.027505000,0,1,1,0
0.027609000,1,1,1,0
0.027713000,0,1,1,0
0.028443000,1,1,1,0
0.028547000,0,1,1,0
0.028651000,1,1,1,0
0.028755000,0,1,1,0
0.029485000,1,1,1,0
0.029589000,0,1,1,0
0.029901000,1,1,1,0
0.030005000,0,1,1,0
0.030214000,1,1,1,0
0.030318000,0,1,1,0
0.030526000,1,1,1,0
0.030684000,1,0,1,0
0.030788000,1,1,1,0
0.030892000,1,0,1,0
0.030996000,1,1,1,0
0.031100000,1,0,1,0
0.031204000,1,1,1,0
0.031308000,1,0,1,0
0.031412000,1,1,1,0
0.031516000,1,0,1,0
0.031620000,1,1,1,0
0.031724000,1,0,1,0
0.031932000,1,1,1,0
0.032036000,1,0,1,0
0.032140000,1,1,1,0
0.032244000,1,0,1,0
0.032348000,1,1,1,0
0.032452000,1,0,1,0
0.032556000,1,1,1,0
0.032764000,1,0,1,0
0.032869000,1,1,1,0
0.032972000,1,0,1,0
0.033701000,1,1,1,0
0.033805000,1,0,1,0
0.033909000,1,1,1,0
0.034013000,1,0,1,0
0.034117000,1,1,1,0
0.034221000,1,0,1,0
0.034741000,1,1,1,0
0.034845000,1,0,1,0
0.035157000,1,1,1,0
0.035261000,1,0,1,0
0.035469000,1,1,1,0
0.035573000,1,0,1,0
0.035781000,1,1,1,0
0.035885000,1,0,1,0
0.036197000,1,1,1,0
0.036301000,1,0,1,0
0.036405000,1,1,1,0
0.036509000,1,0,1,0
0.036821000,1,1,1,0
0.036925000,1,0,1,0
0.037862000,1,1,1,0
0.037965000,1,0,1,0
0.038902000,1,1,1,0
0.039006000,1,0,1,0
0.039942000,1,1,1,0
0.058864000,0,1,1,0
0.058968000,1,1,1,0
0.059072000,0,1,1,0
0.059177000,1,1,1,0
0.059281000,0,1,1,0
0.059385000,1,1,1,0
0.059489000,0,1,1,0
0.059594000,1,1,1,0
0.059698000,0,1,1,0
0.059802000,1,1,1,0
0.059906000,0,1,1,0
0.060114000,1,1,1,0
0.060218000,0,1,1,0
0.060323000,1,1,1,0
0.060427000,0,1,1,0
0.060531000,1,1,1,0
0.060635000,0,1,1,0
0.060740000,1,1,1,0
0.060948000,0,1,1,0
0.061052000,1,1,1,0
0.061156000,0,1,1,0
0.061886000,1,1,1,0
0.061990000,0,1,1,0
0.062302000,1,1,1,0
0.062406000,0,1,1,0
0.062927000,1,1,1,0
0.063031000,0,1,1,0
0.063136000,1,1,1,0
0.063240000,0,1,1,0
0.063657000,1,1,1,0
0.063761000,0,1,1,0
0.063969000,1,1,1,0
0.064073000,0,1,1,0
0.064178000,1,1,1,0
0.064282000,0,1,1,0
0.065011000,1,1,1,0
0.065115000,0,1,1,0
0.066053000,1,1,1,0
0.066157000,0,1,1,0
0.067095000,1,1,1,0
0.067299000,1,0,1,0
0.067403000,1,1,1,0
0.067507000,1,0,1,0
0.067611000,1,1,1,0
0.067715000,1,0,1,0
0.067819000,1,1,1,0
0.067923000,1,0,1,0
0.068027000,1,1,1,0
0.068131000,1,0,1,0
0.068235000,1,1,1,0
0.068339000,1,0,1,0
0.068547000,1,1,1,0
0.068651000,1,0,1,0
0.068756000,1,1,1,0
0.068859000,1,0,1,0
0.068964000,1,1,1,0
0.069068000,1,0,1,0
0.069172000,1,1,1,0
0.069380000,1,0,1,0
0.069484000,1,1,1,0
0.069588000,1,0,1,0
0.070316000,1,1,1,0
0.070420000,1,0,1,0
0.070524000,1,1,1,0
0.070628000,1,0,1,0
0.070732000,1,1,1,0
0.070836000,1,0,1,0
0.071356000,1,1,1,0
0.071460000,1,0,1,0
0.071772000,1,1,1,0
0.071876000,1,0,1,0
0.072084000,1,1,1,0
0.072188000,1,0,1,0
0.072396000,1,1,1,0
0.072500000,1,0,1,0
0.072812000,1,1,1,0
0.072916000,1,0,1,0
0.073020000,1,1,1,0
0.073124000,1,0,1,0
0.073436000,1,1,1,0
0.073540000,1,0,1,0
0.074477000,1,1,1,0
0.074581000,1,0,1,0
0.075517000,1,1,1,0
0.075621000,1,0,1,0
0.076557000,1,1,1,0
0.290880000,0,1,1,0
0.290985000,1,1,1,0
0.291089000,0,1,1,0
0.291193000,1,1,1,0
0.291297000,0,1,1,0
0.291401000,1,1,1,0
0.291506000,0,1,1,0
0.291610000,1,1,1,0
0.291714000,0,1,1,0
0.291818000,1,1,1,0
0.291922000,0,1,1,0
0.292131000,1,1,1,0
0.292235000,0,1,1,0
0.292339000,1,1,1,0
0.292443000,0,1,1,0
0.292548000,1,1,1,0
0.292652000,0,1,1,0
0.292756000,1,1,1,0
0.292964000,0,1,1,0
0.293068000,1,1,1,0
0.293172000,0,1,1,0
0.293902000,1,1,1,0
0.294006000,0,1,1,0
0.294110000,1,1,1,0
0.294214000,0,1,1,0
0.294944000,1,1,1,0
0.295048000,0,1,1,0
0.295360000,1,1,1,0
0.295464000,0,1,1,0
0.295986000,1,1,1,0
0.296182000,1,0,1,0
0.296286000,1,1,1,0
0.296390000,1,0,1,0
0.296494000,1,1,1,0
0.296598000,1,0,1,0
0.296703000,1,1,1,0
0.296806000,1,0,1,0
0.296911000,1,1,1,0
0.297015000,1,0,1,0
0.297119000,1,1,1,0
0.297223000,1,0,1,0
0.297431000,1,1,1,0
0.297535000,1,0,1,0
0.297639000,1,1,1,0
0.297743000,1,0,1,0
0.297847000,1,1,1,0
0.297951000,1,0,1,0
0.298055000,1,1,1,0
0.298263000,1,0,1,0
0.298367000,1,1,1,0
0.298471000,1,0,1,0
0.299199000,1,1,1,0
0.299303000,1,0,1,0
0.299407000,1,1,1,0
0.299511000,1,0,1,0
0.299615000,1,1,1,0
0.299719000,1,0,1,0
0.300239000,1,1,1,0
0.300343000,1,0,1,0
0.300655000,1,1,1,0
0.300759000,1,0,1,0
0.301279000,1,1,1,0
0.301383000,1,0,1,0
0.301696000,1,1,1,0
0.301800000,1,0,1,0
0.301904000,1,1,1,0
0.302008000,1,0,1,0
0.302320000,1,1,1,0
0.302424000,1,0,1,0
0.303360000,1,1,1,0
0.303464000,1,0,1,0
0.304400000,1,1,1,0
0.304504000,1,0,1,0
0.304816000,1,1,1,0
0.305128000,1,0,1,0
0.305232000,1,1,1,0
0.305336000,1,0,1,0
0.305440000,1,1,1,0
0.316301000,0,1,1,0
0.316406000,1,1,1,0
0.316510000,0,1,1,0
0.316614000,1,1,1,0
0.316718000,0,1,1,0
0.316822000,1,1,1,0
0.316926000,0,1,1,0
0.317031000,1,1,1,0
0.317135000,0,1,1,0
0.317239000,1,1,1,0
0.317343000,0,1,1,0
0.317552000,1,1,1,0
0.317656000,0,1,1,0
0.317760000,1,1,1,0
0.317864000,0,1,1,0
0.317968000,1,1,1,0
0.318072000,0,1,1,0
0.318177000,1,1,1,0
0.318385000,0,1,1,0
0.318489000,1,1,1,0
0.318593000,0,1,1,0
0.319323000,1,1,1,0
0.319427000,0,1,1,0
0.319531000,1,1,1,0
0.319635000,0,1,1,0
0.320364000,1,1,1,0
0.320468000,0,1,1,0
0.320781000,1,1,1,0
0.320885000,0,1,1,0
0.321094000,1,1,1,0
0.321198000,0,1,1,0
0.321406000,1,1,1,0
0.321525000,1,0,1,0
0.321629000,1,1,1,0
0.321733000,1,0,1,0
0.321837000,1,1,1,0
0.321941000,1,0,1,0
0.322045000,1,1,1,0
0.322149000,1,0,1,0
0.322253000,1,1,1,0
0.322357000,1,0,1,0
0.322461000,1,1,1,0
0.322565000,1,0,1,0
0.322773000,1,1,1,0
0.322877000,1,0,1,0
0.322981000,1,1,1,0
0.323085000,1,0,1,0
0.323189000,1,1,1,0
0.323293000,1,0,1,0
0.323397000,1,1,1,0
0.323605000,1,0,1,0
0.323709000,1,1,1,0
0.323813000,1,0,1,0
0.324541000,1,1,1,0
0.324645000,1,0,1,0
0.324749000,1,1,1,0
0.324853000,1,0,1,0
0.324958000,1,1,1,0
0.325061000,1,0,1,0
0.325582000,1,1,1,0
0.325686000,1,0,1,0
0.325998000,1,1,1,0
0.326102000,1,0,1,0
0.326310000,1,1,1,0
0.326414000,1,0,1,0
0.326622000,1,1,1,0
0.326726000,1,0,1,0
0.327038000,1,1,1,0
0.327142000,1,0,1,0
0.327246000,1,1,1,0
0.327350000,1,0,1,0
0.327662000,1,1,1,0
0.327766000,1,0,1,0
0.328702000,1,1,1,0
0.328806000,1,0,1,0
0.329742000,1,1,1,0
0.329846000,1,0,1,0
0.330783000,1,1,1,0
0.349744000,0,1,1,0
0.349848000,1,1,1,0
0.349952000,0,1,1,0
0.350057000,1,1,1,0
0.350161000,0,1,1,0
0.350265000,1,1,1,0
0.350369000,0,1,1,0
0.350473000,1,1,1,0
0.350577000,0,1,1,0
0.350682000,1,1,1,0
0.350786000,0,1,1,0
0.350994000,1,1,1,0
0.351098000,0,1,1,0
0.351203000,1,1,1,0
0.351307000,0,1,1,0
0.351411000,1,1,1,0
0.351515000,0,1,1,0
0.351619000,1,1,1,0
0.351828000,0,1,1,0
0.351932000,1,1,1,0
0.352036000,0,1,1,0
0.352765000,1,1,1,0
0.352870000,0,1,1,0
0.353182000,1,1,1,0
0.353286000,0,1,1,0
0.353807000,1,1,1,0
0.353911000,0,1,1,0
0.354016000,1,1,1,0
0.354120000,0,1,1,0
0.354537000,1,1,1,0
0.354641000,0,1,1,0
0.354849000,1,1,1,0
0.354953000,0,1,1,0
0.355058000,1,1,1,0
0.355162000,0,1,1,0
0.355891000,1,1,1,0
0.355995000,0,1,1,0
0.356933000,1,1,1,0
0.357037000,0,1,1,0
0.357975000,1,1,1,0
0.358244000,1,0,1,0
0.358348000,1,1,1,0
0.358452000,1,0,1,0
0.358556000,1,1,1,0
0.358660000,1,0,1,0
0.358764000,1,1,1,0
0.358868000,1,0,1,0
0.358972000,1,1,1,0
0.359076000,1,0,1,0
0.359180000,1,1,1,0
0.359284000,1,0,1,0
0.359492000,1,1,1,0
0.359596000,1,0,1,0
0.359700000,1,1,1,0
0.359804000,1,0,1,0
0.359908000,1,1,1,0
0.360012000,1,0,1,0
0.360116000,1,1,1,0
0.360324000,1,0,1,0
0.360428000,1,1,1,0
0.360532000,1,0,1,0
0.361261000,1,1,1,0
0.361365000,1,0,1,0
0.361469000,1,1,1,0
0.361573000,1,0,1,0
0.361677000,1,1,1,0
0.361781000,1,0,1,0
0.362301000,1,1,1,0
0.362405000,1,0,1,0
0.362717000,1,1,1,0
0.362821000,1,0,1,0
0.363029000,1,1,1,0
0.363133000,1,0,1,0
0.363341000,1,1,1,0
0.363445000,1,0,1,0
0.363757000,1,1,1,0
0.363861000,1,0,1,0
0.363965000,1,1,1,0
0.364069000,1,0,1,0
0.364381000,1,1,1,0
0.364485000,1,0,1,0
0.365421000,1,1,1,0
0.365525000,1,0,1,0
0.366462000,1,1,1,0
0.366566000,1,0,1,0
0.367502000,1,1,1,0
0.581656000,0,1,1,0
0.581760000,1,1,1,0
0.581865000,0,1,1,0
0.581969000,1,1,1,0
0.582073000,0,1,1,0
0.582177000,1,1,1,0
0.582281000,0,1,1,0
0.582386000,1,1,1,0
0.582490000,0,1,1,0
0.582594000,1,1,1,0
0.582698000,0,1,1,0
0.582907000,1,1,1,0
0.583011000,0,1,1,0
0.583115000,1,1,1,0
0.583219000,0,1,1,0
0.583323000,1,1,1,0
0.583427000,0,1,1,0
0.583532000,1,1,1,0
0.583740000,0,1,1,0
0.583844000,1,1,1,0
0.583948000,0,1,1,0
0.584678000,1,1,1,0
0.584782000,0,1,1,0
0.584886000,1,1,1,0
0.584990000,0,1,1,0
0.585719000,1,1,1,0
0.585823000,0,1,1,0
0.586136000,1,1,1,0
0.586240000,0,1,1,0
0.586761000,1,1,1,0
0.586923000,1,0,1,0
0.587027000,1,1,1,0
0.587131000,1,0,1,0
0.587235000,1,1,1,0
0.587339000,1,0,1,0
0.587443000,1,1,1,0
0.587547000,1,0,1,0
0.587651000,1,1,1,0
0.587755000,1,0,1,0
0.587859000,1,1,1,0
0.587963000,1,0,1,0
0.588172000,1,1,1,0
0.588275000,1,0,1,0
0.588380000,1,1,1,0
0.588484000,1,0,1,0
0.588588000,1,1,1,0
0.588692000,1,0,1,0
0.588796000,1,1,1,0
0.589004000,1,0,1,0
0.589108000,1,1,1,0
0.589212000,1,0,1,0
0.589940000,1,1,1,0
0.590044000,1,0,1,0
0.590148000,1,1,1,0
0.590252000,1,0,1,0
0.590356000,1,1,1,0
0.590460000,1,0,1,0
0.590980000,1,1,1,0
0.591084000,1,0,1,0
0.591396000,1,1,1,0
0.591500000,1,0,1,0
0.592020000,1,1,1,0
0.592124000,1,0,1,0
0.592436000,1,1,1,0
0.592540000,1,0,1,0
0.592644000,1,1,1,0
0.592748000,1,0,1,0
0.593061000,1,1,1,0
0.593165000,1,0,1,0
0.594101000,1,1,1,0
0.594205000,1,0,1,0
0.595141000,1,1,1,0
0.595245000,1,0,1,0
0.595661000,1,1,1,0
0.595765000,1,0,1,0
0.595869000,1,1,1,0
0.596077000,1,0,1,0
0.596181000,1,1,1,0
0.607077000,0,1,1,0
0.607181000,1,1,1,0
0.607285000,0,1,1,0
0.607390000,1,1,1,0
0.607494000,0,1,1,0
0.607598000,1,1,1,0
0.607702000,0,1,1,0
0.607806000,1,1,1,0
0.607910000,0,1,1,0
0.608015000,1,1,1,0
0.608119000,0,1,1,0
0.608327000,1,1,1,0
0.608431000,0,1,1,0
0.608536000,1,1,1,0
0.608640000,0,1,1,0
0.608744000,1,1,1,0
0.608848000,0,1,1,0
0.608952000,1,1,1,0
0.609161000,0,1,1,0
0.609265000,1,1,1,0
0.609369000,0,1,1,0
0.610098000,1,1,1,0
0.610202000,0,1,1,0
0.610307000,1,1,1,0
0.610411000,0,1,1,0
0.611140000,1,1,1,0
0.611244000,0,1,1,0
0.611557000,1,1,1,0
0.611661000,0,1,1,0
0.611869000,1,1,1,0
0.611973000,0,1,1,0
0.612182000,1,1,1,0
0.612262000,1,0,1,0
0.612366000,1,1,1,0
0.612470000,1,0,1,0
0.612574000,1,1,1,0
0.612678000,1,0,1,0
0.612782000,1,1,1,0
0.612886000,1,0,1,0
0.612990000,1,1,1,0
0.613094000,1,0,1,0
0.613198000,1,1,1,0
0.613302000,1,0,1,0
0.613510000,1,1,1,0
0.613614000,1,0,1,0
0.613718000,1,1,1,0
0.613822000,1,0,1,0
0.613926000,1,1,1,0
0.614030000,1,0,1,0
0.614134000,1,1,1,0
0.614342000,1,0,1,0
0.614446000,1,1,1,0
0.614550000,1,0,1,0
0.615278000,1,1,1,0
0.615382000,1,0,1,0
0.615486000,1,1,1,0
0.615590000,1,0,1,0
0.615694000,1,1,1,0
0.615798000,1,0,1,0
0.616318000,1,1,1,0
0.616422000,1,0,1,0
0.616734000,1,1,1,0
0.616838000,1,0,1,0
0.617047000,1,1,1,0
0.617150000,1,0,1,0
0.617359000,1,1,1,0
0.617463000,1,0,1,0
0.617775000,1,1,1,0
0.617879000,1,0,1,0
0.617983000,1,1,1,0
0.618087000,1,0,1,0
0.618399000,1,1,1,0
0.618503000,1,0,1,0
0.619439000,1,1,1,0
0.619543000,1,0,1,0
0.620479000,1,1,1,0
0.620583000,1,0,1,0
0.621519000,1,1,1,0
0.640520000,0,1,1,0
0.640624000,1,1,1,0
0.640728000,0,1,1,0
0.640832000,1,1,1,0
0.640936000,0,1,1,0
0.641041000,1,1,1,0
0.641145000,0,1,1,0
0.641249000,1,1,1,0
0.641353000,0,1,1,0
0.641458000,1,1,1,0
0.641562000,0,1,1,0
0.641770000,1,1,1,0
0.641874000,0,1,1,0
0.641978000,1,1,1,0
0.642082000,0,1,1,0
0.642187000,1,1,1,0
0.642291000,0,1,1,0
0.642395000,1,1,1,0
0.642603000,0,1,1,0
0.642708000,1,1,1,0
0.642812000,0,1,1,0
0.643541000,1,1,1,0
0.643645000,0,1,1,0
0.643958000,1,1,1,0
0.644062000,0,1,1,0
0.644583000,1,1,1,0
0.644687000,0,1,1,0
0.644791000,1,1,1,0
0.644895000,0,1,1,0
0.645312000,1,1,1,0
0.645416000,0,1,1,0
0.645625000,1,1,1,0
0.645729000,0,1,1,0
0.645833000,1,1,1,0
0.645937000,0,1,1,0
0.646667000,1,1,1,0
0.646771000,0,1,1,0
0.647709000,1,1,1,0
0.647813000,0,1,1,0
0.648750000,1,1,1,0
0.648877000,1,0,1,0
0.648981000,1,1,1,0
0.649085000,1,0,1,0
0.649189000,1,1,1,0
0.649293000,1,0,1,0
0.649397000,1,1,1,0
0.649501000,1,0,1,0
0.649605000,1,1,1,0
0.649709000,1,0,1,0
0.649813000,1,1,1,0
0.649917000,1,0,1,0
0.650125000,1,1,1,0
0.650229000,1,0,1,0
0.650333000,1,1,1,0
0.650437000,1,0,1,0
0.650541000,1,1,1,0
0.650645000,1,0,1,0
0.650749000,1,1,1,0
0.650957000,1,0,1,0
0.651061000,1,1,1,0
0.651165000,1,0,1,0
0.651893000,1,1,1,0
0.651997000,1,0,1,0
0.652101000,1,1,1,0
0.652205000,1,0,1,0
0.652309000,1,1,1,0
0.652413000,1,0,1,0
0.652934000,1,1,1,0
0.653037000,1,0,1,0
0.653350000,1,1,1,0
0.653454000,1,0,1,0
0.653662000,1,1,1,0
0.653766000,1,0,1,0
0.653974000,1,1,1,0
0.654078000,1,0,1,0
0.654390000,1,1,1,0
0.654494000,1,0,1,0
0.654598000,1,1,1,0
0.654702000,1,0,1,0
0.655014000,1,1,1,0
0.655118000,1,0,1,0
0.656054000,1,1,1,0
0.656158000,1,0,1,0
0.657094000,1,1,1,0
0.657198000,1,0,1,0
0.658135000,1,1,1,0
0.872432000,0,1,1,0
0.872536000,1,1,1,0
0.872640000,0,1,1,0
0.872745000,1,1,1,0
0.872849000,0,1,1,0
0.872953000,1,1,1,0
0.873057000,0,1,1,0
0.873161000,1,1,1,0
0.873265000,0,1,1,0
0.873370000,1,1,1,0
0.873474000,0,1,1,0
0.873682000,1,1,1,0
0.873786000,0,1,1,0
0.873891000,1,1,1,0
0.873995000,0,1,1,0
0.874099000,1,1,1,0
0.874203000,0,1,1,0
0.874307000,1,1,1,0
0.874516000,0,1,1,0
0.874620000,1,1,1,0
0.874724000,0,1,1,0
0.875453000,1,1,1,0
0.875557000,0,1,1,0
0.875662000,1,1,1,0
0.875766000,0,1,1,0
0.876495000,1,1,1,0
0.876599000,0,1,1,0
0.876912000,1,1,1,0
0.877016000,0,1,1,0
0.877537000,1,1,1,0
0.877664000,1,0,1,0
0.877768000,1,1,1,0
0.877872000,1,0,1,0
0.877976000,1,1,1,0
0.878080000,1,0,1,0
0.878184000,1,1,1,0
0.878288000,1,0,1,0
0.878392000,1,1,1,0
0.878496000,1,0,1,0
0.878600000,1,1,1,0
0.878704000,1,0,1,0
0.878912000,1,1,1,0
0.879016000,1,0,1,0
0.879120000,1,1,1,0
0.879224000,1,0,1,0
0.879329000,1,1,1,0
0.879432000,1,0,1,0
0.879537000,1,1,1,0
0.879745000,1,0,1,0
0.879849000,1,1,1,0
0.879953000,1,0,1,0
0.880681000,1,1,1,0
0.880785000,1,0,1,0
0.880889000,1,1,1,0
0.880993000,1,0,1,0
0.881097000,1,1,1,0
0.881201000,1,0,1,0
0.881721000,1,1,1,0
0.881825000,1,0,1,0
0.882137000,1,1,1,0
0.882241000,1,0,1,0
0.882761000,1,1,1,0
0.882865000,1,0,1,0
0.883177000,1,1,1,0
0.883281000,1,0,1,0
0.883385000,1,1,1,0
0.883489000,1,0,1,0
0.883801000,1,1,1,0
0.883905000,1,0,1,0
0.884842000,1,1,1,0
0.884946000,1,0,1,0
0.885882000,1,1,1,0
0.885986000,1,0,1,0
0.886090000,1,1,1,0
0.886298000,1,0,1,0
0.886506000,1,1,1,0
0.886818000,1,0,1,0
0.886922000,1,1,1,0
0.897853000,0,1,1,0
0.897957000,1,1,1,0
0.898061000,0,1,1,0
0.898165000,1,1,1,0
0.898269000,0,1,1,0
0.898374000,1,1,1,0
0.898478000,0,1,1,0
0.898582000,1,1,1,0
0.898686000,0,1,1,0
0.898790000,1,1,1,0
0.898894000,0,1,1,0
0.899103000,1,1,1,0
0.899207000,0,1,1,0
0.899311000,1,1,1,0
0.899415000,0,1,1,0
0.899520000,1,1,1,0
0.899624000,0,1,1,0
0.899728000,1,1,1,0
0.899936000,0,1,1,0
0.900041000,1,1,1,0
0.900145000,0,1,1,0
0.900874000,1,1,1,0
0.900978000,0,1,1,0
0.901082000,1,1,1,0
0.901186000,0,1,1,0
0.901916000,1,1,1,0
0.902020000,0,1,1,0
0.902333000,1,1,1,0
0.902437000,0,1,1,0
0.902645000,1,1,1,0
0.902749000,0,1,1,0
0.902958000,1,1,1,0
0.903102000,1,0,1,0
0.903206000,1,1,1,0
0.903310000,1,0,1,0
0.903414000,1,1,1,0
0.903518000,1,0,1,0
0.903622000,1,1,1,0
0.903726000,1,0,1,0
0.903830000,1,1,1,0
0.903934000,1,0,1,0
0.904039000,1,1,1,0
0.904142000,1,0,1,0
0.904351000,1,1,1,0
0.904455000,1,0,1,0
0.904559000,1,1,1,0
0.904663000,1,0,1,0
0.904767000,1,1,1,0
0.904871000,1,0,1,0
0.904975000,1,1,1,0
0.905183000,1,0,1,0
0.905287000,1,1,1,0
0.905391000,1,0,1,0
0.906119000,1,1,1,0
0.906223000,1,0,1,0
0.906327000,1,1,1,0
0.906431000,1,0,1,0
0.906535000,1,1,1,0
0.906639000,1,0,1,0
0.907159000,1,1,1,0
0.907263000,1,0,1,0
0.907575000,1,1,1,0
0.907679000,1,0,1,0
0.907887000,1,1,1,0
0.907991000,1,0,1,0
0.908199000,1,1,1,0
0.908303000,1,0,1,0
0.908615000,1,1,1,0
0.908719000,1,0,1,0
0.908823000,1,1,1,0
0.908927000,1,0,1,0
0.909240000,1,1,1,0
0.909343000,1,0,1,0
0.910280000,1,1,1,0
0.910384000,1,0,1,0
0.911320000,1,1,1,0
0.911424000,1,0,1,0
0.912360000,1,1,1,0
0.931295000,0,1,1,0
0.931400000,1,1,1,0
0.931504000,0,1,1,0
0.931608000,1,1,1,0
0.931712000,0,1,1,0
0.931817000,1,1,1,0
0.931921000,0,1,1,0
0.932025000,1,1,1,0
0.932129000,0,1,1,0
0.932233000,1,1,1,0
0.932337000,0,1,1,0
0.932546000,1,1,1,0
0.932650000,0,1,1,0
0.932754000,1,1,1,0
0.932858000,0,1,1,0
0.932963000,1,1,1,0
0.933067000,0,1,1,0
0.933171000,1,1,1,0
0.933379000,0,1,1,0
0.933483000,1,1,1,0
0.933588000,0,1,1,0
0.934317000,1,1,1,0
0.934421000,0,1,1,0
0.934734000,1,1,1,0
0.934838000,0,1,1,0
0.935359000,1,1,1,0
0.935463000,0,1,1,0
0.935567000,1,1,1,0
0.935671000,0,1,1,0
0.936088000,1,1,1,0
0.936192000,0,1,1,0
0.936401000,1,1,1,0
0.936505000,0,1,1,0
0.936609000,1,1,1,0
0.936713000,0,1,1,0
0.937442000,1,1,1,0
0.937546000,0,1,1,0
0.938484000,1,1,1,0
0.938588000,0,1,1,0
0.939526000,1,1,1,0
0.939613000,1,0,1,0
0.939717000,1,1,1,0
0.939821000,1,0,1,0
0.939926000,1,1,1,0
0.940029000,1,0,1,0
0.940134000,1,1,1,0
0.940238000,1,0,1,0
0.940342000,1,1,1,0
0.940446000,1,0,1,0
0.940550000,1,1,1,0
0.940654000,1,0,1,0
0.940862000,1,1,1,0
0.940966000,1,0,1,0
0.941070000,1,1,1,0
0.941174000,1,0,1,0
0.941278000,1,1,1,0
0.941382000,1,0,1,0
0.941486000,1,1,1,0
0.941694000,1,0,1,0
0.941798000,1,1,1,0
0.941902000,1,0,1,0
0.942630000,1,1,1,0
0.942734000,1,0,1,0
0.942838000,1,1,1,0
0.942942000,1,0,1,0
0.943046000,1,1,1,0
0.943150000,1,0,1,0
0.943670000,1,1,1,0
0.943774000,1,0,1,0
0.944086000,1,1,1,0
0.944190000,1,0,1,0
0.944398000,1,1,1,0
0.944502000,1,0,1,0
0.944710000,1,1,1,0
0.944814000,1,0,1,0
0.945127000,1,1,1,0
0.945230000,1,0,1,0
0.945335000,1,1,1,0
0.945439000,1,0,1,0
0.945751000,1,1,1,0
0.945855000,1,0,1,0
0.946791000,1,1,1,0
0.946895000,1,0,1,0
0.947831000,1,1,1,0
0.947935000,1,0,1,0
0.948871000,1,1,1,0
1.066108000,1,1,1,0
