Time [s],HBX6,HBX5,HBX4,HBX3,RA RX,RA TX,DEC RX,DEC TX
-0.001000000,1,1,1,0,1,1,1,1
0.000000000,0,1,1,0,0,1,0,1
0.000104333,1,1,1,0,1,1,1,1
0.000208375,0,1,1,0,0,1,0,1
0.000312667,1,1,1,0,0,1,0,1
0.000312708,1,1,1,0,1,1,1,1
0.000416750,0,1,1,0,0,1,0,1
0.000521042,1,1,1,0,1,1,1,1
0.000625083,1,1,1,0,1,1,0,1
0.000625125,0,1,1,0,0,1,0,1
0.000729417,1,1,1,0,1,1,1,1
0.000833458,0,1,1,0,0,1,0,1
0.000937792,1,1,1,0,1,1,1,1
0.001041833,0,1,1,0,0,1,0,1
0.001250333,1,1,1,0,1,1,1,1
0.001354375,0,1,1,0,0,1,0,1
0.001458708,1,1,1,0,1,1,1,1
0.001562750,0,1,1,0,0,1,0,1
0.001667042,0,1,1,0,1,1,1,1
0.001667083,1,1,1,0,1,1,1,1
0.001771125,0,1,1,0,0,1,0,1
0.001875458,1,1,1,0,1,1,1,1
0.002083667,0,1,1,0,0,1,0,1
0.002188000,1,1,1,0,1,1,1,1
0.002292042,0,1,1,0,0,1,0,1
0.003021458,1,1,1,0,1,1,1,1
0.003125500,0,1,1,0,0,1,0,1
0.003229833,1,1,1,0,1,1,1,1
0.003333875,0,1,1,0,0,1,0,1
0.004063292,1,1,1,0,1,1,1,1
0.004167333,0,1,1,0,0,1,0,1
0.004480042,1,1,1,0,1,1,1,1
0.004584083,0,1,1,0,0,1,0,1
0.005105125,1,1,1,0,1,1,1,1
0.005283167,1,1,1,0,1,0,1,1
0.005283208,1,0,1,0,1,0,1,1
0.005387167,1,0,1,0,1,1,1,1
0.005387208,1,1,1,0,1,1,1,1
0.005491208,1,1,1,0,1,0,1,1
0.005491250,1,0,1,0,1,0,1,1
0.005595208,1,0,1,0,1,1,1,1
0.005595292,1,1,1,0,1,1,1,1
0.005699250,1,1,1,0,1,0,1,1
0.005699292,1,0,1,0,1,0,1,1
0.005803250,1,0,1,0,1,1,1,1
0.005803292,1,1,1,0,1,1,1,1
0.005907292,1,1,1,0,1,0,1,1
0.005907333,1,0,1,0,1,0,1,1
0.006011292,1,0,1,0,1,1,1,1
0.006011375,1,1,1,0,1,1,1,1
0.006115333,1,1,1,0,1,0,1,1
0.006115375,1,0,1,0,1,0,1,1
0.006219333,1,0,1,0,1,1,1,1
0.006219375,1,1,1,0,1,1,1,1
0.006323375,1,1,1,0,1,0,1,1
0.006323417,1,0,1,0,1,0,1,1
0.006531375,1,0,1,0,1,1,1,1
0.006531458,1,1,1,0,1,1,1,1
0.006635417,1,1,1,0,1,0,1,1
0.006635458,1,0,1,0,1,0,1,1
0.006739458,1,0,1,0,1,1,1,1
0.006739500,1,1,1,0,1,1,1,1
0.006843458,1,1,1,0,1,0,1,1
0.006843500,1,0,1,0,1,0,1,1
0.006947500,1,0,1,0,1,1,1,1
0.006947542,1,1,1,0,1,1,1,1
0.007051500,1,1,1,0,1,0,1,1
0.007051583,1,0,1,0,1,0,1,1
0.007155542,1,0,1,0,1,1,1,1
0.007155583,1,1,1,0,1,1,1,1
0.007363583,1,1,1,0,1,0,1,1
0.007363625,1,0,1,0,1,0,1,1
0.007467583,1,0,1,0,1,1,1,1
0.007467667,1,1,1,0,1,1,1,1
0.007571625,1,1,1,0,1,0,1,1
0.007571667,1,0,1,0,1,0,1,1
0.008299750,1,0,1,0,1,1,1,1
0.008299833,1,1,1,0,1,1,1,1
0.008403792,1,1,1,0,1,0,1,1
0.008403833,1,0,1,0,1,0,1,1
0.008507792,1,0,1,0,1,1,1,1
0.008507875,1,1,1,0,1,1,1,1
0.008611833,1,1,1,0,1,0,1,1
0.008611875,1,0,1,0,1,0,1,1
0.008715833,1,0,1,0,1,1,1,1
0.008715917,1,1,1,0,1,1,1,1
0.008819875,1,1,1,0,1,0,1,1
0.008819917,1,0,1,0,1,0,1,1
0.009340000,1,0,1,0,1,1,1,1
0.009340042,1,1,1,0,1,1,1,1
0.009444042,1,1,1,0,1,0,1,1
0.009444083,1,0,1,0,1,0,1,1
0.009756083,1,0,1,0,1,1,1,1
0.009756125,1,1,1,0,1,1,1,1
0.009860125,1,1,1,0,1,0,1,1
0.009860167,1,0,1,0,1,0,1,1
0.010380208,1,0,1,0,1,1,1,1
0.010380292,1,1,1,0,1,1,1,1
0.010484250,1,1,1,0,1,0,1,1
0.010484292,1,0,1,0,1,0,1,1
0.010796292,1,0,1,0,1,1,1,1
0.010796375,1,1,1,0,1,1,1,1
0.010900333,1,1,1,0,1,0,1,1
0.010900375,1,0,1,0,1,0,1,1
0.011004333,1,0,1,0,1,1,1,1
0.011004417,1,1,1,0,1,1,1,1
0.011108375,1,1,1,0,1,0,1,1
0.011108417,1,0,1,0,1,0,1,1
0.011316417,1,0,1,0,1,1,1,1
0.011316458,1,1,1,0,1,1,1,1
0.011524458,1,1,1,0,1,0,1,1
0.011524500,1,0,1,0,1,0,1,1
0.011628458,1,0,1,0,1,1,1,1
0.011628542,1,1,1,0,1,1,1,1
0.011732500,1,1,1,0,1,0,1,1
0.011732542,1,0,1,0,1,0,1,1
0.011836500,1,0,1,0,1,1,1,1
0.011836583,1,1,1,0,1,1,1,1
0.012564667,1,1,1,0,1,0,1,1
0.012564708,1,0,1,0,1,0,1,1
0.012668667,1,0,1,0,1,1,1,1
0.012668750,1,1,1,0,1,1,1,1
0.012876750,1,1,1,0,1,0,1,1
0.012876792,1,0,1,0,1,0,1,1
0.012980750,1,0,1,0,1,1,1,1
0.012980833,1,1,1,0,1,1,1,1
0.013084792,1,1,1,0,1,0,1,1
0.013084833,1,0,1,0,1,0,1,1
0.013188792,1,0,1,0,1,1,1,1
0.013188875,1,1,1,0,1,1,1,1
0.013396833,1,1,1,0,1,0,1,1
0.013396875,1,0,1,0,1,0,1,1
0.013500875,1,0,1,0,1,1,1,1
0.013500917,1,1,1,0,1,1,1,1
0.013604875,1,1,1,0,1,0,1,1
0.013604917,1,0,1,0,1,0,1,1
0.013812917,1,0,1,0,1,1,1,1
0.013813000,1,1,1,0,1,1,1,1
0.013916958,1,1,1,0,1,0,1,1
0.013917000,1,0,1,0,1,0,1,1
0.014020958,1,0,1,0,1,1,1,1
0.014021042,1,1,1,0,1,1,1,1
0.014229042,1,1,1,0,1,0,1,1
0.014229083,1,0,1,0,1,0,1,1
0.014333042,1,0,1,0,1,1,1,1
0.014333083,1,1,1,0,1,1,1,1
0.014437083,1,1,1,0,1,0,1,1
0.014437125,1,0,1,0,1,0,1,1
0.014541083,1,0,1,0,1,1,1,1
0.014541167,1,1,1,0,1,1,1,1
0.025420792,0,1,1,0,0,1,0,1
0.025525083,1,1,1,0,0,1,0,1
0.025525125,1,1,1,0,1,1,1,1
0.025629125,1,1,1,0,1,1,0,1
0.025629167,0,1,1,0,0,1,0,1
0.025733458,1,1,1,0,1,1,1,1
0.025837500,0,1,1,0,0,1,0,1
0.025941833,1,1,1,0,1,1,1,1
0.026045875,0,1,1,0,0,1,0,1
0.026150208,1,1,1,0,1,1,1,1
0.026254250,0,1,1,0,0,1,0,1
0.026358583,1,1,1,0,1,1,1,1
0.026462625,0,1,1,0,0,1,0,1
0.026671125,1,1,1,0,1,1,1,1
0.026775167,0,1,1,0,0,1,0,1
0.026879500,1,1,1,0,1,1,1,1
0.026983542,0,1,1,0,0,1,0,1
0.027087833,1,1,1,0,0,1,0,1
0.027087875,1,1,1,0,1,1,1,1
0.027191917,0,1,1,0,0,1,0,1
0.027296208,1,1,1,0,1,1,1,1
0.027504458,0,1,1,0,0,1,0,1
0.027608750,1,1,1,0,0,1,0,1
0.027608792,1,1,1,0,1,1,1,1
0.027712833,0,1,1,0,0,1,0,1
0.028442250,1,1,1,0,1,1,1,1
0.028546292,0,1,1,0,0,1,0,1
0.028650583,1,1,1,0,0,1,1,1
0.028650625,1,1,1,0,1,1,1,1
0.028754667,0,1,1,0,0,1,0,1
0.029484083,1,1,1,0,1,1,1,1
0.029588125,0,1,1,0,0,1,0,1
0.029900792,1,1,1,0,1,1,1,1
0.030004833,1,1,1,0,1,1,0,1
0.030004875,0,1,1,0,0,1,0,1
0.030213375,1,1,1,0,1,1,1,1
0.030317417,0,1,1,0,0,1,0,1
0.030525917,1,1,1,0,1,1,1,1
0.030629083,1,1,1,0,1,1,1,0
0.030629125,1,0,1,0,1,1,1,0
0.030733083,1,0,1,0,1,1,1,1
0.030733167,1,1,1,0,1,1,1,1
0.030837125,1,1,1,0,1,1,1,0
0.030837167,1,0,1,0,1,1,1,0
0.030941125,1,0,1,0,1,1,1,1
0.030941167,1,1,1,0,1,1,1,1
0.031045167,1,1,1,0,1,1,1,0
0.031045208,1,0,1,0,1,1,1,0
0.031149167,1,0,1,0,1,1,1,1
0.031149250,1,1,1,0,1,1,1,1
0.031253208,1,1,1,0,1,1,1,0
0.031253250,1,0,1,0,1,1,1,0
0.031357208,1,0,1,0,1,1,1,1
0.031357292,1,1,1,0,1,1,1,1
0.031461250,1,1,1,0,1,1,1,0
0.031461292,1,0,1,0,1,1,1,0
0.031565250,1,0,1,0,1,1,1,1
0.031565333,1,1,1,0,1,1,1,1
0.031669292,1,1,1,0,1,1,1,0
0.031669333,1,0,1,0,1,1,1,0
0.031877292,1,0,1,0,1,1,1,1
0.031877375,1,1,1,0,1,1,1,1
0.031981333,1,1,1,0,1,1,1,0
0.031981375,1,0,1,0,1,1,1,0
0.032085333,1,0,1,0,1,1,1,1
0.032085417,1,1,1,0,1,1,1,1
0.032189375,1,1,1,0,1,1,1,0
0.032189417,1,0,1,0,1,1,1,0
0.032293375,1,0,1,0,1,1,1,1
0.032293458,1,1,1,0,1,1,1,1
0.032397417,1,1,1,0,1,1,1,0
0.032397458,1,0,1,0,1,1,1,0
0.032501417,1,0,1,0,1,1,1,1
0.032501500,1,1,1,0,1,1,1,1
0.032709458,1,1,1,0,1,1,1,0
0.032709500,1,0,1,0,1,1,1,0
0.032813500,1,0,1,0,1,1,1,1
0.032813583,1,1,1,0,1,1,1,1
0.032917500,1,1,1,0,1,1,1,0
0.032917542,1,0,1,0,1,1,1,0
0.033645625,1,0,1,0,1,1,1,1
0.033645750,1,1,1,0,1,1,1,1
0.033749667,1,1,1,0,1,1,1,0
0.033749708,1,0,1,0,1,1,1,0
0.033853667,1,0,1,0,1,1,1,1
0.033853792,1,1,1,0,1,1,1,1
0.033957708,1,1,1,0,1,1,1,0
0.033957750,1,0,1,0,1,1,1,0
0.034061708,1,0,1,0,1,1,1,1
0.034061792,1,1,1,0,1,1,1,1
0.034165750,1,1,1,0,1,1,1,0
0.034165792,1,0,1,0,1,1,1,0
0.034685833,1,0,1,0,1,1,1,1
0.034685917,1,1,1,0,1,1,1,1
0.034789875,1,1,1,0,1,1,1,0
0.034789917,1,0,1,0,1,1,1,0
0.035101917,1,0,1,0,1,1,1,1
0.035102000,1,1,1,0,1,1,1,1
0.035205958,1,1,1,0,1,1,1,0
0.035206000,1,0,1,0,1,1,1,0
0.035414000,1,0,1,0,1,1,1,1
0.035414083,1,1,1,0,1,1,1,1
0.035518042,1,1,1,0,1,1,1,0
0.035518083,1,0,1,0,1,1,1,0
0.035726042,1,0,1,0,1,1,1,1
0.035726125,1,1,1,0,1,1,1,1
0.035830083,1,1,1,0,1,1,1,0
0.035830125,1,0,1,0,1,1,1,0
0.036142125,1,0,1,0,1,1,1,1
0.036142208,1,1,1,0,1,1,1,1
0.036246167,1,1,1,0,1,1,1,0
0.036246208,1,0,1,0,1,1,1,0
0.036350167,1,0,1,0,1,1,1,1
0.036350250,1,1,1,0,1,1,1,1
0.036454208,1,1,1,0,1,1,1,0
0.036454250,1,0,1,0,1,1,1,0
0.036766250,1,0,1,0,1,1,1,1
0.036766333,1,1,1,0,1,1,1,1
0.036870292,1,1,1,0,1,1,1,0
0.036870333,1,0,1,0,1,1,1,0
0.037806458,1,0,1,0,1,1,1,1
0.037806542,1,1,1,0,1,1,1,1
0.037910500,1,1,1,0,1,1,1,0
0.037910542,1,0,1,0,1,1,1,0
0.038014500,1,0,1,0,1,1,1,1
0.038014583,1,1,1,0,1,1,1,1
0.038430583,1,1,1,0,1,1,1,0
0.038430625,1,0,1,0,1,1,1,0
0.038742625,1,0,1,0,1,1,1,1
0.038742708,1,1,1,0,1,1,1,1
0.038950708,1,1,1,0,1,1,1,0
0.038950750,1,0,1,0,1,1,1,0
0.039054708,1,0,1,0,1,1,1,1
0.039054792,1,1,1,0,1,1,1,1
0.039158750,1,1,1,0,1,1,1,0
0.039158792,1,0,1,0,1,1,1,0
0.039262750,1,0,1,0,1,1,1,1
0.039262833,1,1,1,0,1,1,1,1
0.039366792,1,1,1,0,1,1,1,0
0.039366833,1,0,1,0,1,1,1,0
0.039678833,1,0,1,0,1,1,1,1
0.039678917,1,1,1,0,1,1,1,1
0.039782875,1,1,1,0,1,1,1,0
0.039782917,1,0,1,0,1,1,1,0
0.039886875,1,0,1,0,1,1,1,1
0.039886958,1,1,1,0,1,1,1,1
0.058863667,1,1,1,0,1,1,0,1
0.058863708,0,1,1,0,0,1,0,1
0.058968000,1,1,1,0,1,1,1,1
0.059072042,0,1,1,0,0,1,0,1
0.059176375,1,1,1,0,1,1,1,1
0.059280417,0,1,1,0,0,1,0,1
0.059384750,1,1,1,0,1,1,1,1
0.059488792,0,1,1,0,0,1,0,1
0.059593125,1,1,1,0,1,1,1,1
0.059697167,0,1,1,0,0,1,0,1
0.059801458,1,1,1,0,1,1,1,1
0.059905542,0,1,1,0,0,1,0,1
0.060114042,1,1,1,0,1,1,1,1
0.060218083,0,1,1,0,0,1,0,1
0.060322375,1,1,1,0,1,1,1,1
0.060426458,0,1,1,0,0,1,0,1
0.060530750,1,1,1,0,1,1,1,1
0.060634792,1,1,1,0,1,1,0,1
0.060634833,0,1,1,0,0,1,0,1
0.060739125,1,1,1,0,1,1,1,1
0.060947375,0,1,1,0,0,1,0,1
0.061051667,1,1,1,0,1,1,1,1
0.061155708,1,1,1,0,1,1,0,1
0.061155750,0,1,1,0,0,1,0,1
0.061885125,1,1,1,0,0,1,0,1
0.061885167,1,1,1,0,1,1,1,1
0.061989208,0,1,1,0,0,1,0,1
0.062301875,1,1,1,0,1,1,1,1
0.062405917,0,1,1,0,0,1,0,1
0.062926958,1,1,1,0,0,1,0,1
0.062927000,1,1,1,0,1,1,1,1
0.063031042,0,1,1,0,0,1,0,1
0.063135333,1,1,1,0,1,1,1,1
0.063239375,1,1,1,0,1,1,0,1
0.063239417,0,1,1,0,0,1,0,1
0.063968792,1,1,1,0,0,1,0,1
0.063968833,1,1,1,0,1,1,1,1
0.064072875,0,1,1,0,0,1,0,1
0.065010667,1,1,1,0,1,1,1,1
0.065114708,0,1,1,0,0,1,0,1
0.066052500,1,1,1,0,1,1,1,1
0.066156542,0,1,1,0,0,1,0,1
0.066260833,1,1,1,0,0,1,0,1
0.066260875,1,1,1,0,1,1,1,1
0.066364917,0,1,1,0,0,1,0,1
0.066469208,1,1,1,0,1,1,1,1
0.066573250,1,1,1,0,1,1,0,1
0.066573292,0,1,1,0,0,1,0,1
0.067094333,1,1,1,0,1,1,1,1
0.067198375,0,1,1,0,0,1,0,1
0.067280125,0,1,1,0,0,0,0,1
0.067280167,0,0,1,0,0,0,0,1
0.067302708,1,0,1,0,1,0,1,1
0.067384125,1,0,1,0,1,1,1,1
0.067384208,1,1,1,0,1,1,1,1
0.067406750,0,1,1,0,0,1,0,1
0.067488167,0,1,1,0,0,0,0,1
0.067488208,0,0,1,0,0,0,0,1
0.067511083,1,0,1,0,1,0,1,1
0.067592167,1,0,1,0,1,1,1,1
0.067592250,1,1,1,0,1,1,1,1
0.067615083,1,1,1,0,1,1,0,1
0.067615125,0,1,1,0,0,1,0,1
0.067696208,0,1,1,0,0,0,0,1
0.067696250,0,0,1,0,0,0,0,1
0.067719458,1,0,1,0,1,0,1,1
0.067800208,1,0,1,0,1,1,1,1
0.067800292,1,1,1,0,1,1,1,1
0.067823458,0,1,1,0,0,1,0,1
0.067904250,0,1,1,0,0,0,0,1
0.067904292,0,0,1,0,0,0,0,1
0.067927792,1,0,1,0,0,0,0,1
0.067927833,1,0,1,0,1,0,1,1
0.068008250,1,0,1,0,1,1,1,1
0.068008333,1,1,1,0,1,1,1,1
0.068031833,0,1,1,0,0,1,0,1
0.068112292,0,1,1,0,0,0,0,1
0.068112333,0,0,1,0,0,0,0,1
0.068136167,1,0,1,0,1,0,1,1
0.068216292,1,0,1,0,1,1,1,1
0.068216375,1,1,1,0,1,1,1,1
0.068240208,0,1,1,0,0,1,0,1
0.068320333,0,1,1,0,0,0,0,1
0.068320375,0,0,1,0,0,0,0,1
0.068448750,1,0,1,0,1,0,1,1
0.068528375,1,0,1,0,1,1,1,1
0.068528417,1,1,1,0,1,1,1,1
0.068552750,0,1,1,0,0,1,0,1
0.068632417,0,1,1,0,0,0,0,1
0.068632458,0,0,1,0,0,0,0,1
0.068657083,1,0,1,0,1,0,1,1
0.068736417,1,0,1,0,1,1,1,1
0.068736458,1,1,1,0,1,1,1,1
0.068761125,0,1,1,0,0,1,0,1
0.068840458,0,1,1,0,0,0,0,1
0.068840500,0,0,1,0,0,0,0,1
0.068865458,1,0,1,0,1,0,1,1
0.068944458,1,0,1,0,1,1,1,1
0.068944500,1,1,1,0,1,1,1,1
0.068969500,0,1,1,0,0,1,0,1
0.069048500,0,1,1,0,0,0,0,1
0.069048542,0,0,1,0,0,0,0,1
0.069073833,1,0,1,0,1,0,1,1
0.069152500,1,0,1,0,1,1,1,1
0.069152542,1,1,1,0,1,1,1,1
0.069282042,0,1,1,0,0,1,0,1
0.069360542,0,1,1,0,0,0,0,1
0.069360625,0,0,1,0,0,0,0,1
0.069386375,1,0,1,0,1,0,1,1
0.069464583,1,0,1,0,1,1,1,1
0.069464625,1,1,1,0,1,1,1,1
0.069490417,0,1,1,0,0,1,0,1
0.069568583,0,1,1,0,0,0,0,1
0.069568667,0,0,1,0,0,0,0,1
0.070219833,1,0,1,0,1,0,1,1
0.070296750,1,0,1,0,1,1,1,1
0.070296833,1,1,1,0,1,1,1,1
0.070323875,0,1,1,0,0,1,0,1
0.070400792,0,1,1,0,0,0,0,1
0.070400833,0,0,1,0,0,0,0,1
0.070504792,0,0,1,0,0,1,0,1
0.070504875,0,1,1,0,0,1,0,1
0.070608833,0,1,1,0,0,0,0,1
0.070608875,0,0,1,0,0,0,0,1
0.070636583,1,0,1,0,1,0,1,1
0.070712833,1,0,1,0,1,1,1,1
0.070712875,1,1,1,0,1,1,1,1
0.070740625,0,1,1,0,0,1,0,1
0.070816875,0,1,1,0,0,0,0,1
0.070816917,0,0,1,0,0,0,0,1
0.071261667,1,0,1,0,1,0,1,1
0.071336958,1,0,1,0,1,1,1,1
0.071337042,1,1,1,0,1,1,1,1
0.071365708,0,1,1,0,0,1,0,1
0.071441000,0,1,1,0,0,0,0,1
0.071441042,0,0,1,0,0,0,0,1
0.071470042,1,0,1,0,1,0,1,1
0.071574083,0,0,1,0,0,0,0,1
0.071753042,0,0,1,0,0,1,0,1
0.071753167,0,1,1,0,0,1,0,1
0.071857083,0,1,1,0,0,0,0,1
0.071857125,0,0,1,0,0,0,0,1
0.071990958,1,0,1,0,1,0,1,1
0.072095000,0,0,1,0,0,0,0,1
0.072303500,1,0,1,0,1,0,1,1
0.072377167,1,0,1,0,1,1,1,1
0.072377250,1,1,1,0,1,1,1,1
0.072407542,0,1,1,0,0,1,0,1
0.072481208,0,1,1,0,0,0,0,1
0.072481292,0,0,1,0,0,0,0,1
0.072511875,1,0,1,0,1,0,1,1
0.072615917,0,0,1,0,0,0,0,1
0.072793250,0,0,1,0,0,1,0,1
0.072793375,0,1,1,0,0,1,0,1
0.072897292,0,1,1,0,0,0,0,1
0.072897333,0,0,1,0,0,0,0,1
0.073001292,0,0,1,0,0,1,0,1
0.073001417,0,1,1,0,0,1,0,1
0.073105333,0,1,1,0,0,0,0,1
0.073105417,0,0,1,0,0,0,0,1
0.073313375,0,0,1,0,0,1,0,1
0.073313458,0,1,1,0,0,1,0,1
0.073345333,1,1,1,0,1,1,1,1
0.073449375,0,1,1,0,0,1,0,1
0.073521417,0,1,1,0,0,0,0,1
0.073521500,0,0,1,0,0,0,0,1
0.073625417,0,0,1,0,0,1,0,1
0.073625542,0,1,1,0,0,1,0,1
0.073729458,0,1,1,0,0,0,0,1
0.073729542,0,0,1,0,0,0,0,1
0.073833458,0,0,1,0,0,1,0,1
0.073833583,0,1,1,0,0,1,0,1
0.074387167,1,1,1,0,1,1,1,1
0.074491208,0,1,1,0,0,1,0,1
0.074561667,0,1,1,0,0,0,0,1
0.074561708,0,0,1,0,0,0,0,1
0.074595542,1,0,1,0,1,0,1,1
0.074665667,1,0,1,0,1,1,1,1
0.074665750,1,1,1,0,1,1,1,1
0.074699583,0,1,1,0,0,1,0,1
0.074803875,1,1,1,0,0,1,0,1
0.074803917,1,1,1,0,1,1,1,1
0.074873708,1,1,1,0,1,0,1,1
0.074873750,1,0,1,0,1,0,1,1
0.074907958,0,0,1,0,0,0,0,1
0.074977708,0,0,1,0,0,1,0,1
0.074977833,0,1,1,0,0,1,0,1
0.075081750,0,1,1,0,0,0,0,1
0.075081792,0,0,1,0,0,0,0,1
0.075185750,0,0,1,0,0,1,0,1
0.075185875,0,1,1,0,0,1,0,1
0.075393833,0,1,1,0,0,0,0,1
0.075393875,0,0,1,0,0,0,0,1
0.075429042,1,0,1,0,1,0,1,1
0.075497833,1,0,1,0,1,1,1,1
0.075497875,1,1,1,0,1,1,1,1
0.075565833,1,1,1,0,1,1,1,0
0.075565875,1,0,1,0,1,1,1,0
0.075601875,1,0,1,0,1,0,1,0
0.075669833,1,0,1,0,1,0,1,1
0.075705875,1,0,1,0,1,1,1,1
0.075705917,1,1,1,0,1,1,1,1
0.075773875,1,1,1,0,1,1,1,0
0.075773917,1,0,1,0,1,1,1,0
0.075877875,1,0,1,0,1,1,1,1
0.075877958,1,1,1,0,1,1,1,1
0.075981917,1,1,1,0,1,1,1,0
0.075981958,1,0,1,0,1,1,1,0
0.076017958,1,0,1,0,1,0,1,0
0.076085917,1,0,1,0,1,0,1,1
0.076121958,1,0,1,0,1,1,1,1
0.076122000,1,1,1,0,1,1,1,1
0.076189958,1,1,1,0,1,1,1,0
0.076190000,1,0,1,0,1,1,1,0
0.076226000,1,0,1,0,1,0,1,0
0.076293958,1,0,1,0,1,0,1,1
0.076330000,1,0,1,0,1,1,1,1
0.076330042,1,1,1,0,1,1,1,1
0.076398000,1,1,1,0,1,1,1,0
0.076398042,1,0,1,0,1,1,1,0
0.076434042,1,0,1,0,1,0,1,0
0.076502000,1,0,1,0,1,0,1,1
0.076538042,1,0,1,0,1,1,1,1
0.076538083,1,1,1,0,1,1,1,1
0.076606042,1,1,1,0,1,1,1,0
0.076606083,1,0,1,0,1,1,1,0
0.076814042,1,0,1,0,1,1,1,1
0.076814125,1,1,1,0,1,1,1,1
0.076918083,1,1,1,0,1,1,1,0
0.076918125,1,0,1,0,1,1,1,0
0.077022083,1,0,1,0,1,1,1,1
0.077022208,1,1,1,0,1,1,1,1
0.077126125,1,1,1,0,1,1,1,0
0.077126167,1,0,1,0,1,1,1,0
0.077230125,1,0,1,0,1,1,1,1
0.077230208,1,1,1,0,1,1,1,1
0.077334167,1,1,1,0,1,1,1,0
0.077334208,1,0,1,0,1,1,1,0
0.077438167,1,0,1,0,1,1,1,1
0.077438250,1,1,1,0,1,1,1,1
0.077646250,1,1,1,0,1,1,1,0
0.077646292,1,0,1,0,1,1,1,0
0.077750250,1,0,1,0,1,1,1,1
0.077750333,1,1,1,0,1,1,1,1
0.077854292,1,1,1,0,1,1,1,0
0.077854333,1,0,1,0,1,1,1,0
0.078582417,1,0,1,0,1,1,1,1
0.078582500,1,1,1,0,1,1,1,1
0.078686458,1,1,1,0,1,1,1,0
0.078686500,1,0,1,0,1,1,1,0
0.078790458,1,0,1,0,1,1,1,1
0.078790542,1,1,1,0,1,1,1,1
0.078894500,1,1,1,0,1,1,1,0
0.078894542,1,0,1,0,1,1,1,0
0.078998500,1,0,1,0,1,1,1,1
0.078998583,1,1,1,0,1,1,1,1
0.079102542,1,1,1,0,1,1,1,0
0.079102583,1,0,1,0,1,1,1,0
0.079622625,1,0,1,0,1,1,1,1
0.079622708,1,1,1,0,1,1,1,1
0.079726625,1,1,1,0,1,1,1,0
0.079726667,1,0,1,0,1,1,1,0
0.080038708,1,0,1,0,1,1,1,1
0.080038792,1,1,1,0,1,1,1,1
0.080142708,1,1,1,0,1,1,1,0
0.080142750,1,0,1,0,1,1,1,0
0.080350750,1,0,1,0,1,1,1,1
0.080350833,1,1,1,0,1,1,1,1
0.080454792,1,1,1,0,1,1,1,0
0.080454833,1,0,1,0,1,1,1,0
0.080662792,1,0,1,0,1,1,1,1
0.080662917,1,1,1,0,1,1,1,1
0.080766833,1,1,1,0,1,1,1,0
0.080766875,1,0,1,0,1,1,1,0
0.081078875,1,0,1,0,1,1,1,1
0.081078958,1,1,1,0,1,1,1,1
0.081182917,1,1,1,0,1,1,1,0
0.081182958,1,0,1,0,1,1,1,0
0.081286917,1,0,1,0,1,1,1,1
0.081287000,1,1,1,0,1,1,1,1
0.081390958,1,1,1,0,1,1,1,0
0.081391000,1,0,1,0,1,1,1,0
0.081703000,1,0,1,0,1,1,1,1
0.081703083,1,1,1,0,1,1,1,1
0.081807042,1,1,1,0,1,1,1,0
0.081807083,1,0,1,0,1,1,1,0
0.082743208,1,0,1,0,1,1,1,1
0.082743292,1,1,1,0,1,1,1,1
0.082847250,1,1,1,0,1,1,1,0
0.082847292,1,0,1,0,1,1,1,0
0.082951250,1,0,1,0,1,1,1,1
0.082951333,1,1,1,0,1,1,1,1
0.083367333,1,1,1,0,1,1,1,0
0.083367375,1,0,1,0,1,1,1,0
0.083679417,1,0,1,0,1,1,1,1
0.083679500,1,1,1,0,1,1,1,1
0.083887458,1,1,1,0,1,1,1,0
0.083887500,1,0,1,0,1,1,1,0
0.084095458,1,0,1,0,1,1,1,1
0.084095583,1,1,1,0,1,1,1,1
0.084303542,1,1,1,0,1,1,1,0
0.084303583,1,0,1,0,1,1,1,0
0.084615583,1,0,1,0,1,1,1,1
0.084615667,1,1,1,0,1,1,1,1
0.084719625,1,1,1,0,1,1,1,0
0.084719667,1,0,1,0,1,1,1,0
0.084823625,1,0,1,0,1,1,1,1
0.084823708,1,1,1,0,1,1,1,1
0.297652292,0,1,1,0,0,1,0,1
0.297756625,1,1,1,0,1,1,1,1
0.297860667,0,1,1,0,0,1,0,1
0.297965000,1,1,1,0,1,1,1,1
0.298069042,0,1,1,0,0,1,0,1
0.298173333,1,1,1,0,0,1,0,1
0.298173375,1,1,1,0,1,1,1,1
0.298277417,0,1,1,0,0,1,0,1
0.298381708,1,1,1,0,1,1,1,1
0.298485750,1,1,1,0,1,1,0,1
0.298485792,0,1,1,0,0,1,0,1
0.298590083,1,1,1,0,1,1,1,1
0.298694125,0,1,1,0,0,1,0,1
0.298902625,1,1,1,0,1,1,1,1
0.299006667,1,1,1,0,1,1,0,1
0.299006708,0,1,1,0,0,1,0,1
0.299111000,1,1,1,0,1,1,1,1
0.299215042,0,1,1,0,0,1,0,1
0.299319375,1,1,1,0,1,1,1,1
0.299423417,0,1,1,0,0,1,0,1
0.299527750,1,1,1,0,1,1,1,1
0.299735958,0,1,1,0,0,1,0,1
0.299840292,1,1,1,0,1,1,1,1
0.299944333,0,1,1,0,0,1,0,1
0.300673750,1,1,1,0,1,1,1,1
0.300777792,0,1,1,0,0,1,0,1
0.300882125,1,1,1,0,1,1,1,1
0.300986167,0,1,1,0,0,1,0,1
0.301715583,1,1,1,0,1,1,1,1
0.301819625,1,1,1,0,1,1,0,1
0.301819667,0,1,1,0,0,1,0,1
0.302132333,1,1,1,0,1,1,1,1
0.302236375,0,1,1,0,0,1,0,1
0.302757417,1,1,1,0,1,1,1,1
0.302889417,1,1,1,0,1,0,1,1
0.302889458,1,0,1,0,1,0,1,1
0.302993417,1,0,1,0,1,1,1,1
0.302993500,1,1,1,0,1,1,1,1
0.303097458,1,1,1,0,1,0,1,1
0.303097500,1,0,1,0,1,0,1,1
0.303201458,1,0,1,0,1,1,1,1
0.303201542,1,1,1,0,1,1,1,1
0.303305500,1,1,1,0,1,0,1,1
0.303305542,1,0,1,0,1,0,1,1
0.303409500,1,0,1,0,1,1,1,1
0.303409583,1,1,1,0,1,1,1,1
0.303513542,1,1,1,0,1,0,1,1
0.303513583,1,0,1,0,1,0,1,1
0.303617542,1,0,1,0,1,1,1,1
0.303617625,1,1,1,0,1,1,1,1
0.303721583,1,1,1,0,1,0,1,1
0.303721625,1,0,1,0,1,0,1,1
0.303825583,1,0,1,0,1,1,1,1
0.303825667,1,1,1,0,1,1,1,1
0.303929625,1,1,1,0,1,0,1,1
0.303929667,1,0,1,0,1,0,1,1
0.304137667,1,0,1,0,1,1,1,1
0.304137750,1,1,1,0,1,1,1,1
0.304241708,1,1,1,0,1,0,1,1
0.304241750,1,0,1,0,1,0,1,1
0.304345708,1,0,1,0,1,1,1,1
0.304345792,1,1,1,0,1,1,1,1
0.304449750,1,1,1,0,1,0,1,1
0.304449792,1,0,1,0,1,0,1,1
0.304553750,1,0,1,0,1,1,1,1
0.304553833,1,1,1,0,1,1,1,1
0.304657792,1,1,1,0,1,0,1,1
0.304657833,1,0,1,0,1,0,1,1
0.304761792,1,0,1,0,1,1,1,1
0.304761875,1,1,1,0,1,1,1,1
0.304969875,1,1,1,0,1,0,1,1
0.304969917,1,0,1,0,1,0,1,1
0.305073875,1,0,1,0,1,1,1,1
0.305073917,1,1,1,0,1,1,1,1
0.305177917,1,1,1,0,1,0,1,1
0.305177958,1,0,1,0,1,0,1,1
0.305906042,1,0,1,0,1,1,1,1
0.305906125,1,1,1,0,1,1,1,1
0.306010083,1,1,1,0,1,0,1,1
0.306010125,1,0,1,0,1,0,1,1
0.306114083,1,0,1,0,1,1,1,1
0.306114125,1,1,1,0,1,1,1,1
0.306218125,1,1,1,0,1,0,1,1
0.306218167,1,0,1,0,1,0,1,1
0.306322125,1,0,1,0,1,1,1,1
0.306322208,1,1,1,0,1,1,1,1
0.306426167,1,1,1,0,1,0,1,1
0.306426208,1,0,1,0,1,0,1,1
0.306946250,1,0,1,0,1,1,1,1
0.306946333,1,1,1,0,1,1,1,1
0.307050292,1,1,1,0,1,0,1,1
0.307050333,1,0,1,0,1,0,1,1
0.307362333,1,0,1,0,1,1,1,1
0.307362417,1,1,1,0,1,1,1,1
0.307466375,1,1,1,0,1,0,1,1
0.307466417,1,0,1,0,1,0,1,1
0.307986458,1,0,1,0,1,1,1,1
0.307986542,1,1,1,0,1,1,1,1
0.308090500,1,1,1,0,1,0,1,1
0.308090542,1,0,1,0,1,0,1,1
0.308402542,1,0,1,0,1,1,1,1
0.308402625,1,1,1,0,1,1,1,1
0.308506583,1,1,1,0,1,0,1,1
0.308506625,1,0,1,0,1,0,1,1
0.308610625,1,0,1,0,1,1,1,1
0.308610667,1,1,1,0,1,1,1,1
0.308714625,1,1,1,0,1,0,1,1
0.308714667,1,0,1,0,1,0,1,1
0.308922667,1,0,1,0,1,1,1,1
0.308922750,1,1,1,0,1,1,1,1
0.309130750,1,1,1,0,1,0,1,1
0.309130792,1,0,1,0,1,0,1,1
0.309234750,1,0,1,0,1,1,1,1
0.309234833,1,1,1,0,1,1,1,1
0.309338792,1,1,1,0,1,0,1,1
0.309338833,1,0,1,0,1,0,1,1
0.309442792,1,0,1,0,1,1,1,1
0.309442833,1,1,1,0,1,1,1,1
0.310170958,1,1,1,0,1,0,1,1
0.310171000,1,0,1,0,1,0,1,1
0.310274958,1,0,1,0,1,1,1,1
0.310275042,1,1,1,0,1,1,1,1
0.310483000,1,1,1,0,1,0,1,1
0.310483042,1,0,1,0,1,0,1,1
0.310587000,1,0,1,0,1,1,1,1
0.310587083,1,1,1,0,1,1,1,1
0.310691042,1,1,1,0,1,0,1,1
0.310691083,1,0,1,0,1,0,1,1
0.310795042,1,0,1,0,1,1,1,1
0.310795125,1,1,1,0,1,1,1,1
0.311003125,1,1,1,0,1,0,1,1
0.311003167,1,0,1,0,1,0,1,1
0.311107125,1,0,1,0,1,1,1,1
0.311107208,1,1,1,0,1,1,1,1
0.311211167,1,1,1,0,1,0,1,1
0.311211208,1,0,1,0,1,0,1,1
0.311419208,1,0,1,0,1,1,1,1
0.311419250,1,1,1,0,1,1,1,1
0.311731292,1,1,1,0,1,0,1,1
0.311731333,1,0,1,0,1,0,1,1
0.311939292,1,0,1,0,1,1,1,1
0.311939375,1,1,1,0,1,1,1,1
0.312043333,1,1,1,0,1,0,1,1
0.312043375,1,0,1,0,1,0,1,1
0.312147333,1,0,1,0,1,1,1,1
0.312147417,1,1,1,0,1,1,1,1
0.323073083,0,1,1,0,0,1,0,1
0.323177375,1,1,1,0,0,1,0,1
0.323177417,1,1,1,0,1,1,1,1
0.323281458,0,1,1,0,0,1,0,1
0.323385750,1,1,1,0,1,1,1,1
0.323489792,1,1,1,0,1,1,0,1
0.323489833,0,1,1,0,0,1,0,1
0.323594125,1,1,1,0,1,1,1,1
0.323698167,0,1,1,0,0,1,0,1
0.323802500,1,1,1,0,1,1,1,1
0.323906542,0,1,1,0,0,1,0,1
0.324010875,1,1,1,0,1,1,1,1
0.324114917,0,1,1,0,0,1,0,1
0.324323417,1,1,1,0,1,1,1,1
0.324427458,0,1,1,0,0,1,0,1
0.324531792,1,1,1,0,1,1,1,1
0.324635833,0,1,1,0,0,1,0,1
0.324740167,1,1,1,0,1,1,1,1
0.324844208,0,1,1,0,0,1,0,1
0.324948500,1,1,1,0,0,1,0,1
0.324948542,1,1,1,0,1,1,1,1
0.325156750,0,1,1,0,0,1,0,1
0.325261042,1,1,1,0,1,1,1,1
0.325365125,0,1,1,0,0,1,0,1
0.326094542,1,1,1,0,1,1,1,1
0.326198583,0,1,1,0,0,1,0,1
0.326302917,1,1,1,0,1,1,1,1
0.326406958,0,1,1,0,0,1,0,1
0.327136375,1,1,1,0,1,1,1,1
0.327240417,0,1,1,0,0,1,0,1
0.327553083,1,1,1,0,0,1,0,1
0.327553125,1,1,1,0,1,1,1,1
0.327657167,0,1,1,0,0,1,0,1
0.327865667,1,1,1,0,1,1,1,1
0.327969708,0,1,1,0,0,1,0,1
0.328178208,1,1,1,0,1,1,1,1
0.328335125,1,1,1,0,1,1,1,0
0.328335167,1,0,1,0,1,1,1,0
0.328439125,1,0,1,0,1,1,1,1
0.328439208,1,1,1,0,1,1,1,1
0.328543167,1,1,1,0,1,1,1,0
0.328543208,1,0,1,0,1,1,1,0
0.328647167,1,0,1,0,1,1,1,1
0.328647250,1,1,1,0,1,1,1,1
0.328751208,1,1,1,0,1,1,1,0
0.328751250,1,0,1,0,1,1,1,0
0.328855208,1,0,1,0,1,1,1,1
0.328855292,1,1,1,0,1,1,1,1
0.328959250,1,1,1,0,1,1,1,0
0.328959292,1,0,1,0,1,1,1,0
0.329063250,1,0,1,0,1,1,1,1
0.329063333,1,1,1,0,1,1,1,1
0.329167292,1,1,1,0,1,1,1,0
0.329167333,1,0,1,0,1,1,1,0
0.329271292,1,0,1,0,1,1,1,1
0.329271375,1,1,1,0,1,1,1,1
0.329375333,1,1,1,0,1,1,1,0
0.329375375,1,0,1,0,1,1,1,0
0.329583333,1,0,1,0,1,1,1,1
0.329583417,1,1,1,0,1,1,1,1
0.329687375,1,1,1,0,1,1,1,0
0.329687417,1,0,1,0,1,1,1,0
0.329791375,1,0,1,0,1,1,1,1
0.329791458,1,1,1,0,1,1,1,1
0.329895417,1,1,1,0,1,1,1,0
0.329895458,1,0,1,0,1,1,1,0
0.329999417,1,0,1,0,1,1,1,1
0.329999500,1,1,1,0,1,1,1,1
0.330103458,1,1,1,0,1,1,1,0
0.330103500,1,0,1,0,1,1,1,0
0.330207458,1,0,1,0,1,1,1,1
0.330207542,1,1,1,0,1,1,1,1
0.330415500,1,1,1,0,1,1,1,0
0.330415542,1,0,1,0,1,1,1,0
0.330519500,1,0,1,0,1,1,1,1
0.330519583,1,1,1,0,1,1,1,1
0.330623542,1,1,1,0,1,1,1,0
0.330623583,1,0,1,0,1,1,1,0
0.331351667,1,0,1,0,1,1,1,1
0.331351750,1,1,1,0,1,1,1,1
0.331455708,1,1,1,0,1,1,1,0
0.331455750,1,0,1,0,1,1,1,0
0.331559708,1,0,1,0,1,1,1,1
0.331559792,1,1,1,0,1,1,1,1
0.331663750,1,1,1,0,1,1,1,0
0.331663792,1,0,1,0,1,1,1,0
0.331767750,1,0,1,0,1,1,1,1
0.331767833,1,1,1,0,1,1,1,1
0.331871792,1,1,1,0,1,1,1,0
0.331871833,1,0,1,0,1,1,1,0
0.332391875,1,0,1,0,1,1,1,1
0.332391958,1,1,1,0,1,1,1,1
0.332495917,1,1,1,0,1,1,1,0
0.332495958,1,0,1,0,1,1,1,0
0.332807958,1,0,1,0,1,1,1,1
0.332808042,1,1,1,0,1,1,1,1
0.332912000,1,1,1,0,1,1,1,0
0.332912042,1,0,1,0,1,1,1,0
0.333120042,1,0,1,0,1,1,1,1
0.333120083,1,1,1,0,1,1,1,1
0.333224083,1,1,1,0,1,1,1,0
0.333224125,1,0,1,0,1,1,1,0
0.333432083,1,0,1,0,1,1,1,1
0.333432167,1,1,1,0,1,1,1,1
0.333536125,1,1,1,0,1,1,1,0
0.333536167,1,0,1,0,1,1,1,0
0.333848167,1,0,1,0,1,1,1,1
0.333848250,1,1,1,0,1,1,1,1
0.333952208,1,1,1,0,1,1,1,0
0.333952250,1,0,1,0,1,1,1,0
0.334056208,1,0,1,0,1,1,1,1
0.334056292,1,1,1,0,1,1,1,1
0.334160250,1,1,1,0,1,1,1,0
0.334160292,1,0,1,0,1,1,1,0
0.334472292,1,0,1,0,1,1,1,1
0.334472375,1,1,1,0,1,1,1,1
0.334576333,1,1,1,0,1,1,1,0
0.334576375,1,0,1,0,1,1,1,0
0.335512500,1,0,1,0,1,1,1,1
0.335512583,1,1,1,0,1,1,1,1
0.335616542,1,1,1,0,1,1,1,0
0.335616583,1,0,1,0,1,1,1,0
0.335720542,1,0,1,0,1,1,1,1
0.335720625,1,1,1,0,1,1,1,1
0.336136625,1,1,1,0,1,1,1,0
0.336136667,1,0,1,0,1,1,1,0
0.336448667,1,0,1,0,1,1,1,1
0.336448750,1,1,1,0,1,1,1,1
0.336656750,1,1,1,0,1,1,1,0
0.336656792,1,0,1,0,1,1,1,0
0.336760750,1,0,1,0,1,1,1,1
0.336760833,1,1,1,0,1,1,1,1
0.336864792,1,1,1,0,1,1,1,0
0.336864833,1,0,1,0,1,1,1,0
0.337176833,1,0,1,0,1,1,1,1
0.337176917,1,1,1,0,1,1,1,1
0.337280833,1,1,1,0,1,1,1,0
0.337280917,1,0,1,0,1,1,1,0
0.337384875,1,0,1,0,1,1,1,1
0.337384958,1,1,1,0,1,1,1,1
0.337488875,1,1,1,0,1,1,1,0
0.337488917,1,0,1,0,1,1,1,0
0.337592917,1,0,1,0,1,1,1,1
0.337593000,1,1,1,0,1,1,1,1
0.356516000,0,1,1,0,0,1,0,1
0.356620292,1,1,1,0,1,1,1,1
0.356724333,1,1,1,0,1,1,0,1
0.356724375,0,1,1,0,0,1,0,1
0.356828667,1,1,1,0,1,1,1,1
0.356932708,0,1,1,0,0,1,0,1
0.357037042,1,1,1,0,1,1,1,1
0.357141083,0,1,1,0,0,1,0,1
0.357245417,1,1,1,0,1,1,1,1
0.357349458,0,1,1,0,0,1,0,1
0.357453750,1,1,1,0,0,1,0,1
0.357453792,1,1,1,0,1,1,1,1
0.357557833,0,1,1,0,0,1,0,1
0.357766333,1,1,1,0,1,1,1,1
0.357870375,0,1,1,0,0,1,0,1
0.357974708,1,1,1,0,1,1,1,1
0.358078750,0,1,1,0,0,1,0,1
0.358183042,1,1,1,0,1,1,0,1
0.358183083,1,1,1,0,1,1,1,1
0.358287125,0,1,1,0,0,1,0,1
0.358391417,1,1,1,0,1,1,1,1
0.358599667,0,1,1,0,0,1,0,1
0.358703958,1,1,1,0,0,1,1,1
0.358704000,1,1,1,0,1,1,1,1
0.358808042,0,1,1,0,0,1,0,1
0.359537458,1,1,1,0,1,1,1,1
0.359641500,0,1,1,0,0,1,0,1
0.359954167,1,1,1,0,1,1,1,1
0.360058208,1,1,1,0,1,1,0,1
0.360058250,0,1,1,0,0,1,0,1
0.360579292,1,1,1,0,1,1,1,1
0.360683333,0,1,1,0,0,1,0,1
0.360787625,1,1,1,0,0,1,0,1
0.360787667,1,1,1,0,1,1,1,1
0.360891708,0,1,1,0,0,1,0,1
0.361621125,1,1,1,0,1,1,1,1
0.361725167,0,1,1,0,0,1,0,1
0.362662958,1,1,1,0,1,1,1,1
0.362767000,0,1,1,0,0,1,0,1
0.363704792,1,1,1,0,1,1,1,1
0.363808833,0,1,1,0,0,1,0,1
0.363913167,1,1,1,0,1,1,1,1
0.364017208,0,1,1,0,0,1,0,1
0.364121500,1,1,1,0,1,1,1,1
0.364225583,0,1,1,0,0,1,0,1
0.364746625,1,1,1,0,1,1,1,1
0.364850667,0,1,1,0,0,1,0,1
0.364886417,0,1,1,0,0,0,0,1
0.364886458,0,0,1,0,0,0,0,1
0.364955000,1,0,1,0,1,0,1,1
0.364990417,1,0,1,0,1,1,1,1
0.364990500,1,1,1,0,1,1,1,1
0.365059042,0,1,1,0,0,1,0,1
0.365094458,0,1,1,0,0,0,0,1
0.365094500,0,0,1,0,0,0,0,1
0.365163375,1,0,1,0,1,0,1,1
0.365198458,1,0,1,0,1,1,1,1
0.365198542,1,1,1,0,1,1,1,1
0.365267417,0,1,1,0,0,1,0,1
0.365302500,0,1,1,0,0,0,0,1
0.365302542,0,0,1,0,0,0,0,1
0.365371750,1,0,1,0,1,0,1,1
0.365406500,1,0,1,0,1,1,1,1
0.365406583,1,1,1,0,1,1,1,1
0.365475750,1,1,1,0,1,1,0,1
0.365475792,0,1,1,0,0,1,0,1
0.365510542,0,1,1,0,0,0,0,1
0.365510583,0,0,1,0,0,0,0,1
0.365580125,1,0,1,0,1,0,1,1
0.365614542,1,0,1,0,1,1,1,1
0.365614583,1,1,1,0,1,1,1,1
0.365684125,0,1,1,0,0,1,0,1
0.365718583,0,1,1,0,0,0,0,1
0.365718625,0,0,1,0,0,0,0,1
0.365788458,1,0,1,0,1,0,1,1
0.365822583,1,0,1,0,1,1,1,1
0.365822625,1,1,1,0,1,1,1,1
0.365892500,0,1,1,0,0,1,0,1
0.365926625,0,1,1,0,0,0,0,1
0.365926667,0,0,1,0,0,0,0,1
0.366101042,1,0,1,0,1,0,1,1
0.366134625,1,0,1,0,1,1,1,1
0.366134708,1,1,1,0,1,1,1,1
0.366205042,0,1,1,0,0,1,0,1
0.366238667,0,1,1,0,0,0,0,1
0.366238750,0,0,1,0,0,0,0,1
0.366309375,1,0,1,0,1,0,1,1
0.366342667,1,0,1,0,1,1,1,1
0.366342750,1,1,1,0,1,1,1,1
0.366413417,0,1,1,0,0,1,0,1
0.366446708,0,1,1,0,0,0,0,1
0.366446792,0,0,1,0,0,0,0,1
0.366517750,1,0,1,0,0,0,1,1
0.366517792,1,0,1,0,1,0,1,1
0.366550708,1,0,1,0,1,1,1,1
0.366550792,1,1,1,0,1,1,1,1
0.366621792,0,1,1,0,0,1,0,1
0.366654750,0,1,1,0,0,0,0,1
0.366654833,0,0,1,0,0,0,0,1
0.366726125,1,0,1,0,1,0,1,1
0.366758792,1,0,1,0,1,1,1,1
0.366758833,1,1,1,0,1,1,1,1
0.366934333,0,1,1,0,0,1,0,1
0.366966833,0,1,1,0,0,0,0,1
0.366966875,0,0,1,0,0,0,0,1
0.367038667,1,0,1,0,1,0,1,1
0.367070833,1,0,1,0,1,1,1,1
0.367070917,1,1,1,0,1,1,1,1
0.367142708,0,1,1,0,0,1,0,1
0.367174875,0,1,1,0,0,0,0,1
0.367174917,0,0,1,0,0,0,0,1
0.367872125,1,0,1,0,1,0,1,1
0.367903000,1,0,1,0,1,1,1,1
0.367903083,1,1,1,0,1,1,1,1
0.367976167,0,1,1,0,0,1,0,1
0.368007042,0,1,1,0,0,0,0,1
0.368007083,0,0,1,0,0,0,0,1
0.368111042,0,0,1,0,0,1,0,1
0.368111167,0,1,1,0,0,1,0,1
0.368215083,0,1,1,0,0,0,0,1
0.368215167,0,0,1,0,0,0,0,1
0.368288875,1,0,1,0,1,0,1,1
0.368319083,1,0,1,0,1,1,1,1
0.368319167,1,1,1,0,1,1,1,1
0.368392917,0,1,1,0,0,1,0,1
0.368423125,0,1,1,0,0,0,0,1
0.368423208,0,0,1,0,0,0,0,1
0.368913958,1,0,1,0,0,0,0,1
0.368914000,1,0,1,0,1,0,1,1
0.368943250,1,0,1,0,1,1,1,1
0.368943292,1,1,1,0,1,1,1,1
0.369018000,0,1,1,0,0,1,0,1
0.369047250,0,1,1,0,0,0,0,1
0.369047333,0,0,1,0,0,0,0,1
0.369122333,1,0,1,0,1,0,1,1
0.369226375,0,0,1,0,0,0,0,1
0.369359333,0,0,1,0,0,1,0,1
0.369359417,0,1,1,0,0,1,0,1
0.369463333,0,1,1,0,0,0,0,1
0.369463417,0,0,1,0,0,0,0,1
0.369643250,1,0,1,0,1,0,1,1
0.369747292,0,0,1,0,0,0,0,1
0.369955833,1,0,1,0,1,0,1,1
0.369983458,1,0,1,0,1,1,1,1
0.369983500,1,1,1,0,1,1,1,1
0.370059833,0,1,1,0,0,1,0,1
0.370087500,0,1,1,0,0,0,0,1
0.370087542,0,0,1,0,0,0,0,1
0.370164167,1,0,1,0,1,0,1,1
0.370268208,0,0,1,0,0,0,0,1
0.370399542,0,0,1,0,0,1,0,1
0.370399625,0,1,1,0,0,1,0,1
0.370503583,0,1,1,0,0,0,0,1
0.370503625,0,0,1,0,0,0,0,1
0.370607583,0,0,1,0,0,1,0,1
0.370607667,0,1,1,0,0,1,0,1
0.370711625,0,1,1,0,0,0,0,1
0.370711667,0,0,1,0,0,0,0,1
0.370919625,0,0,1,0,0,1,0,1
0.370919750,0,1,1,0,0,1,0,1
0.370997625,1,1,1,0,1,1,1,1
0.371101667,0,1,1,0,0,1,0,1
0.371127708,0,1,1,0,0,0,0,1
0.371127750,0,0,1,0,0,0,0,1
0.371231708,0,0,1,0,0,1,0,1
0.371231833,0,1,1,0,0,1,0,1
0.371335750,0,1,1,0,0,0,0,1
0.371335792,0,0,1,0,0,0,0,1
0.371439750,0,0,1,0,0,1,0,1
0.371439875,0,1,1,0,0,1,0,1
0.372039458,1,1,1,0,1,1,1,1
0.372143500,0,1,1,0,0,1,0,1
0.372167917,0,1,1,0,0,0,0,1
0.372168000,0,0,1,0,0,0,0,1
0.372247833,1,0,1,0,0,0,0,1
0.372247875,1,0,1,0,1,0,1,1
0.372271917,1,0,1,0,1,1,1,1
0.372272000,1,1,1,0,1,1,1,1
0.372351875,0,1,1,0,0,1,0,1
0.372456208,1,1,1,0,1,1,1,1
0.372480000,1,1,1,0,1,0,1,1
0.372480042,1,0,1,0,1,0,1,1
0.372560250,0,0,1,0,0,0,0,1
0.372584000,0,0,1,0,0,1,0,1
0.372584083,0,1,1,0,0,1,0,1
0.372688042,0,1,1,0,0,0,0,1
0.372688083,0,0,1,0,0,0,0,1
0.372792042,0,0,1,0,0,1,0,1
0.372792125,0,1,1,0,0,1,0,1
0.373000083,0,1,1,0,0,0,0,1
0.373000167,0,0,1,0,0,0,0,1
0.373081333,1,0,1,0,1,0,1,1
0.373104083,1,0,1,0,1,1,1,1
0.373104167,1,1,1,0,1,1,1,1
0.373208125,1,1,1,0,1,0,1,1
0.373208167,1,0,1,0,1,0,1,1
0.373271875,1,0,1,0,1,0,1,0
0.373312125,1,0,1,0,1,1,1,0
0.373375875,1,0,1,0,1,1,1,1
0.373375958,1,1,1,0,1,1,1,1
0.373479917,1,1,1,0,1,1,1,0
0.373479958,1,0,1,0,1,1,1,0
0.373520208,1,0,1,0,1,0,1,0
0.373583917,1,0,1,0,1,0,1,1
0.373624208,1,0,1,0,1,1,1,1
0.373624250,1,1,1,0,1,1,1,1
0.373687958,1,1,1,0,1,1,1,0
0.373688000,1,0,1,0,1,1,1,0
0.373728250,1,0,1,0,1,0,1,0
0.373791958,1,0,1,0,1,0,1,1
0.373896000,1,0,1,0,1,0,1,0
0.373936292,1,0,1,0,1,1,1,0
0.374000000,1,0,1,0,1,1,1,1
0.374000083,1,1,1,0,1,1,1,1
0.374040292,1,1,1,0,1,0,1,1
0.374040333,1,0,1,0,1,0,1,1
0.374104042,1,0,1,0,1,0,1,0
0.374144333,1,0,1,0,1,1,1,0
0.374208042,1,0,1,0,1,1,1,1
0.374208125,1,1,1,0,1,1,1,1
0.374312083,1,1,1,0,1,1,1,0
0.374312125,1,0,1,0,1,1,1,0
0.374520083,1,0,1,0,1,1,1,1
0.374520167,1,1,1,0,1,1,1,1
0.374624125,1,1,1,0,1,1,1,0
0.374624167,1,0,1,0,1,1,1,0
0.374728125,1,0,1,0,1,1,1,1
0.374728208,1,1,1,0,1,1,1,1
0.374832167,1,1,1,0,1,1,1,0
0.374832208,1,0,1,0,1,1,1,0
0.374936167,1,0,1,0,1,1,1,1
0.374936250,1,1,1,0,1,1,1,1
0.375040208,1,1,1,0,1,1,1,0
0.375040250,1,0,1,0,1,1,1,0
0.375144208,1,0,1,0,1,1,1,1
0.375144292,1,1,1,0,1,1,1,1
0.375352292,1,1,1,0,1,1,1,0
0.375352333,1,0,1,0,1,1,1,0
0.375456292,1,0,1,0,1,1,1,1
0.375456375,1,1,1,0,1,1,1,1
0.375560333,1,1,1,0,1,1,1,0
0.375560375,1,0,1,0,1,1,1,0
0.376288458,1,0,1,0,1,1,1,1
0.376288542,1,1,1,0,1,1,1,1
0.376392500,1,1,1,0,1,1,1,0
0.376392542,1,0,1,0,1,1,1,0
0.376496500,1,0,1,0,1,1,1,1
0.376496583,1,1,1,0,1,1,1,1
0.376600500,1,1,1,0,1,1,1,0
0.376600542,1,0,1,0,1,1,1,0
0.376704542,1,0,1,0,1,1,1,1
0.376704625,1,1,1,0,1,1,1,1
0.376808542,1,1,1,0,1,1,1,0
0.376808583,1,0,1,0,1,1,1,0
0.377328625,1,0,1,0,1,1,1,1
0.377328750,1,1,1,0,1,1,1,1
0.377432667,1,1,1,0,1,1,1,0
0.377432708,1,0,1,0,1,1,1,0
0.377744708,1,0,1,0,1,1,1,1
0.377744833,1,1,1,0,1,1,1,1
0.377848750,1,1,1,0,1,1,1,0
0.377848792,1,0,1,0,1,1,1,0
0.378056792,1,0,1,0,1,1,1,1
0.378056875,1,1,1,0,1,1,1,1
0.378160833,1,1,1,0,1,1,1,0
0.378160875,1,0,1,0,1,1,1,0
0.378368833,1,0,1,0,1,1,1,1
0.378368917,1,1,1,0,1,1,1,1
0.378472875,1,1,1,0,1,1,1,0
0.378472917,1,0,1,0,1,1,1,0
0.378784917,1,0,1,0,1,1,1,1
0.378785000,1,1,1,0,1,1,1,1
0.378888958,1,1,1,0,1,1,1,0
0.378889000,1,0,1,0,1,1,1,0
0.378992958,1,0,1,0,1,1,1,1
0.378993042,1,1,1,0,1,1,1,1
0.379097000,1,1,1,0,1,1,1,0
0.379097042,1,0,1,0,1,1,1,0
0.379409042,1,0,1,0,1,1,1,1
0.379409125,1,1,1,0,1,1,1,1
0.379513083,1,1,1,0,1,1,1,0
0.379513125,1,0,1,0,1,1,1,0
0.380449250,1,0,1,0,1,1,1,1
0.380449333,1,1,1,0,1,1,1,1
0.380553292,1,1,1,0,1,1,1,0
0.380553333,1,0,1,0,1,1,1,0
0.380657292,1,0,1,0,1,1,1,1
0.380657375,1,1,1,0,1,1,1,1
0.381073375,1,1,1,0,1,1,1,0
0.381073417,1,0,1,0,1,1,1,0
0.381385417,1,0,1,0,1,1,1,1
0.381385542,1,1,1,0,1,1,1,1
0.381593500,1,1,1,0,1,1,1,0
0.381593542,1,0,1,0,1,1,1,0
0.381801500,1,0,1,0,1,1,1,1
0.381801625,1,1,1,0,1,1,1,1
0.381905542,1,1,1,0,1,1,1,0
0.381905583,1,0,1,0,1,1,1,0
0.382113583,1,0,1,0,1,1,1,1
0.382113667,1,1,1,0,1,1,1,1
0.382217625,1,1,1,0,1,1,1,0
0.382217667,1,0,1,0,1,1,1,0
0.382321625,1,0,1,0,1,1,1,1
0.382321708,1,1,1,0,1,1,1,1
0.382425667,1,1,1,0,1,1,1,0
0.382425708,1,0,1,0,1,1,1,0
0.382529667,1,0,1,0,1,1,1,1
0.382529750,1,1,1,0,1,1,1,1
0.594992042,0,1,1,0,0,1,0,1
0.595096375,1,1,1,0,1,1,1,1
0.595200417,0,1,1,0,0,1,0,1
0.595304750,1,1,1,0,1,1,1,1
0.595408792,0,1,1,0,0,1,0,1
0.595513083,1,1,1,0,0,1,0,1
0.595513125,1,1,1,0,1,1,1,1
0.595617167,0,1,1,0,0,1,0,1
0.595721458,1,1,1,0,1,1,1,1
0.595825500,1,1,1,0,1,1,0,1
0.595825542,0,1,1,0,0,1,0,1
0.595929833,1,1,1,0,1,1,1,1
0.596033875,0,1,1,0,0,1,0,1
0.596242375,1,1,1,0,1,1,1,1
0.596346417,1,1,1,0,1,1,0,1
0.596346458,0,1,1,0,0,1,0,1
0.596450750,1,1,1,0,1,1,1,1
0.596554792,0,1,1,0,0,1,0,1
0.596659125,1,1,1,0,1,1,1,1
0.596763167,0,1,1,0,0,1,0,1
0.596867500,1,1,1,0,1,1,1,1
0.597075708,0,1,1,0,0,1,0,1
0.597180042,1,1,1,0,1,1,1,1
0.597284083,0,1,1,0,0,1,0,1
0.598013500,1,1,1,0,1,1,1,1
0.598117542,0,1,1,0,0,1,0,1
0.598221875,1,1,1,0,1,1,1,1
0.598325917,0,1,1,0,0,1,0,1
0.599055333,1,1,1,0,1,1,1,1
0.599159375,0,1,1,0,0,1,0,1
0.599472042,0,1,1,0,0,1,1,1
0.599472083,1,1,1,0,1,1,1,1
0.599576125,0,1,1,0,0,1,0,1
0.600097167,1,1,1,0,1,1,1,1
0.600287667,1,1,1,0,1,0,1,1
0.600287708,1,0,1,0,1,0,1,1
0.600391667,1,0,1,0,1,1,1,1
0.600391750,1,1,1,0,1,1,1,1
0.600495708,1,1,1,0,1,0,1,1
0.600495750,1,0,1,0,1,0,1,1
0.600599708,1,0,1,0,1,1,1,1
0.600599792,1,1,1,0,1,1,1,1
0.600703750,1,1,1,0,1,0,1,1
0.600703792,1,0,1,0,1,0,1,1
0.600807750,1,0,1,0,1,1,1,1
0.600807792,1,1,1,0,1,1,1,1
0.600911792,1,1,1,0,1,0,1,1
0.600911833,1,0,1,0,1,0,1,1
0.601015792,1,0,1,0,1,1,1,1
0.601015875,1,1,1,0,1,1,1,1
0.601119833,1,1,1,0,1,0,1,1
0.601119875,1,0,1,0,1,0,1,1
0.601223833,1,0,1,0,1,1,1,1
0.601223917,1,1,1,0,1,1,1,1
0.601327875,1,1,1,0,1,0,1,1
0.601327917,1,0,1,0,1,0,1,1
0.601535917,1,0,1,0,1,1,1,1
0.601535958,1,1,1,0,1,1,1,1
0.601639917,1,1,1,0,1,0,1,1
0.601640000,1,0,1,0,1,0,1,1
0.601743958,1,0,1,0,1,1,1,1
0.601744000,1,1,1,0,1,1,1,1
0.601847958,1,1,1,0,1,0,1,1
0.601848042,1,0,1,0,1,0,1,1
0.601952000,1,0,1,0,1,1,1,1
0.601952083,1,1,1,0,1,1,1,1
0.602056042,1,1,1,0,1,0,1,1
0.602056083,1,0,1,0,1,0,1,1
0.602160042,1,0,1,0,1,1,1,1
0.602160083,1,1,1,0,1,1,1,1
0.602368083,1,1,1,0,1,0,1,1
0.602368125,1,0,1,0,1,0,1,1
0.602472083,1,0,1,0,1,1,1,1
0.602472167,1,1,1,0,1,1,1,1
0.602576125,1,1,1,0,1,0,1,1
0.602576167,1,0,1,0,1,0,1,1
0.603304250,1,0,1,0,1,1,1,1
0.603304333,1,1,1,0,1,1,1,1
0.603408292,1,1,1,0,1,0,1,1
0.603408333,1,0,1,0,1,0,1,1
0.603512292,1,0,1,0,1,1,1,1
0.603512375,1,1,1,0,1,1,1,1
0.603616333,1,1,1,0,1,0,1,1
0.603616375,1,0,1,0,1,0,1,1
0.603720375,1,0,1,0,1,1,1,1
0.603720417,1,1,1,0,1,1,1,1
0.603824375,1,1,1,0,1,0,1,1
0.603824417,1,0,1,0,1,0,1,1
0.604344500,1,0,1,0,1,1,1,1
0.604344583,1,1,1,0,1,1,1,1
0.604448542,1,1,1,0,1,0,1,1
0.604448583,1,0,1,0,1,0,1,1
0.604760583,1,0,1,0,1,1,1,1
0.604760667,1,1,1,0,1,1,1,1
0.604864625,1,1,1,0,1,0,1,1
0.604864667,1,0,1,0,1,0,1,1
0.605384708,1,0,1,0,1,1,1,1
0.605384792,1,1,1,0,1,1,1,1
0.605488750,1,1,1,0,1,0,1,1
0.605488792,1,0,1,0,1,0,1,1
0.605800792,1,0,1,0,1,1,1,1
0.605800833,1,1,1,0,1,1,1,1
0.605904833,1,1,1,0,1,0,1,1
0.605904875,1,0,1,0,1,0,1,1
0.606008833,1,0,1,0,1,1,1,1
0.606008917,1,1,1,0,1,1,1,1
0.606112875,1,1,1,0,1,0,1,1
0.606112917,1,0,1,0,1,0,1,1
0.606320917,1,0,1,0,1,1,1,1
0.606320958,1,1,1,0,1,1,1,1
0.606528958,1,1,1,0,1,0,1,1
0.606529000,1,0,1,0,1,0,1,1
0.606632958,1,0,1,0,1,1,1,1
0.606633042,1,1,1,0,1,1,1,1
0.606737000,1,1,1,0,1,0,1,1
0.606737042,1,0,1,0,1,0,1,1
0.606841000,1,0,1,0,1,1,1,1
0.606841083,1,1,1,0,1,1,1,1
0.607569167,1,1,1,0,1,0,1,1
0.607569208,1,0,1,0,1,0,1,1
0.607673167,1,0,1,0,1,1,1,1
0.607673250,1,1,1,0,1,1,1,1
0.607881250,1,1,1,0,1,0,1,1
0.607881292,1,0,1,0,1,0,1,1
0.607985250,1,0,1,0,1,1,1,1
0.607985333,1,1,1,0,1,1,1,1
0.608089292,1,1,1,0,1,0,1,1
0.608089333,1,0,1,0,1,0,1,1
0.608193292,1,0,1,0,1,1,1,1
0.608193333,1,1,1,0,1,1,1,1
0.608401333,1,1,1,0,1,0,1,1
0.608401375,1,0,1,0,1,0,1,1
0.608505375,1,0,1,0,1,1,1,1
0.608505417,1,1,1,0,1,1,1,1
0.608609375,1,1,1,0,1,0,1,1
0.608609458,1,0,1,0,1,0,1,1
0.608713417,1,0,1,0,1,1,1,1
0.608713458,1,1,1,0,1,1,1,1
0.608921458,1,1,1,0,1,0,1,1
0.608921500,1,0,1,0,1,0,1,1
0.609337542,1,0,1,0,1,1,1,1
0.609337583,1,1,1,0,1,1,1,1
0.609441583,1,1,1,0,1,0,1,1
0.609441625,1,0,1,0,1,0,1,1
0.609545583,1,0,1,0,1,1,1,1
0.609545667,1,1,1,0,1,1,1,1
0.620412833,0,1,1,0,0,1,0,1
0.620517125,1,1,1,0,0,1,0,1
0.620517167,1,1,1,0,1,1,1,1
0.620621208,0,1,1,0,0,1,0,1
0.620725500,1,1,1,0,1,1,1,1
0.620829542,1,1,1,0,1,1,0,1
0.620829583,0,1,1,0,0,1,0,1
0.620933875,1,1,1,0,1,1,1,1
0.621037917,0,1,1,0,0,1,0,1
0.621142250,1,1,1,0,1,1,1,1
0.621246292,0,1,1,0,0,1,0,1
0.621350625,1,1,1,0,1,1,1,1
0.621454667,0,1,1,0,0,1,0,1
0.621663167,1,1,1,0,1,1,1,1
0.621767208,0,1,1,0,0,1,0,1
0.621871542,1,1,1,0,1,1,1,1
0.621975583,0,1,1,0,0,1,0,1
0.622079875,1,1,1,0,0,1,0,1
0.622079917,1,1,1,0,1,1,1,1
0.622183958,0,1,1,0,0,1,0,1
0.622288250,1,1,1,0,1,1,1,1
0.622496500,0,1,1,0,0,1,0,1
0.622600792,1,1,1,0,0,1,0,1
0.622600833,1,1,1,0,1,1,1,1
0.622704875,0,1,1,0,0,1,0,1
0.623434292,1,1,1,0,1,1,1,1
0.623538333,0,1,1,0,0,1,0,1
0.623642667,1,1,1,0,1,1,1,1
0.623746708,0,1,1,0,0,1,0,1
0.624476125,1,1,1,0,1,1,1,1
0.624580167,0,1,1,0,0,1,0,1
0.624892833,1,1,1,0,0,1,0,1
0.624892875,1,1,1,0,1,1,1,1
0.624996917,0,1,1,0,0,1,0,1
0.625205417,1,1,1,0,1,1,1,1
0.625309458,0,1,1,0,0,1,0,1
0.625517958,1,1,1,0,1,1,1,1
0.625729083,1,1,1,0,1,1,1,0
0.625729125,1,0,1,0,1,1,1,0
0.625833083,1,0,1,0,1,1,1,1
0.625833167,1,1,1,0,1,1,1,1
0.625937125,1,1,1,0,1,1,1,0
0.625937167,1,0,1,0,1,1,1,0
0.626041125,1,0,1,0,1,1,1,1
0.626041208,1,1,1,0,1,1,1,1
0.626145167,1,1,1,0,1,1,1,0
0.626145208,1,0,1,0,1,1,1,0
0.626249167,1,0,1,0,1,1,1,1
0.626249250,1,1,1,0,1,1,1,1
0.626353208,1,1,1,0,1,1,1,0
0.626353250,1,0,1,0,1,1,1,0
0.626457208,1,0,1,0,1,1,1,1
0.626457292,1,1,1,0,1,1,1,1
0.626561250,1,1,1,0,1,1,1,0
0.626561292,1,0,1,0,1,1,1,0
0.626665250,1,0,1,0,1,1,1,1
0.626665333,1,1,1,0,1,1,1,1
0.626769292,1,1,1,0,1,1,1,0
0.626769333,1,0,1,0,1,1,1,0
0.626977333,1,0,1,0,1,1,1,1
0.626977417,1,1,1,0,1,1,1,1
0.627081333,1,1,1,0,1,1,1,0
0.627081375,1,0,1,0,1,1,1,0
0.627185375,1,0,1,0,1,1,1,1
0.627185458,1,1,1,0,1,1,1,1
0.627289375,1,1,1,0,1,1,1,0
0.627289417,1,0,1,0,1,1,1,0
0.627393417,1,0,1,0,1,1,1,1
0.627393500,1,1,1,0,1,1,1,1
0.627497417,1,1,1,0,1,1,1,0
0.627497458,1,0,1,0,1,1,1,0
0.627601417,1,0,1,0,1,1,1,1
0.627601542,1,1,1,0,1,1,1,1
0.627809500,1,1,1,0,1,1,1,0
0.627809542,1,0,1,0,1,1,1,0
0.627913500,1,0,1,0,1,1,1,1
0.627913583,1,1,1,0,1,1,1,1
0.628017542,1,1,1,0,1,1,1,0
0.628017583,1,0,1,0,1,1,1,0
0.628745667,1,0,1,0,1,1,1,1
0.628745750,1,1,1,0,1,1,1,1
0.628849708,1,1,1,0,1,1,1,0
0.628849750,1,0,1,0,1,1,1,0
0.628953708,1,0,1,0,1,1,1,1
0.628953792,1,1,1,0,1,1,1,1
0.629057750,1,1,1,0,1,1,1,0
0.629057792,1,0,1,0,1,1,1,0
0.629161750,1,0,1,0,1,1,1,1
0.629161792,1,1,1,0,1,1,1,1
0.629265792,1,1,1,0,1,1,1,0
0.629265833,1,0,1,0,1,1,1,0
0.629785875,1,0,1,0,1,1,1,1
0.629785958,1,1,1,0,1,1,1,1
0.629889917,1,1,1,0,1,1,1,0
0.629889958,1,0,1,0,1,1,1,0
0.630201958,1,0,1,0,1,1,1,1
0.630202042,1,1,1,0,1,1,1,1
0.630306000,1,1,1,0,1,1,1,0
0.630306042,1,0,1,0,1,1,1,0
0.630514000,1,0,1,0,1,1,1,1
0.630514083,1,1,1,0,1,1,1,1
0.630618042,1,1,1,0,1,1,1,0
0.630618083,1,0,1,0,1,1,1,0
0.630826083,1,0,1,0,1,1,1,1
0.630826167,1,1,1,0,1,1,1,1
0.630930083,1,1,1,0,1,1,1,0
0.630930125,1,0,1,0,1,1,1,0
0.631242167,1,0,1,0,1,1,1,1
0.631242250,1,1,1,0,1,1,1,1
0.631346167,1,1,1,0,1,1,1,0
0.631346208,1,0,1,0,1,1,1,0
0.631450167,1,0,1,0,1,1,1,1
0.631450292,1,1,1,0,1,1,1,1
0.631554208,1,1,1,0,1,1,1,0
0.631554250,1,0,1,0,1,1,1,0
0.631866250,1,0,1,0,1,1,1,1
0.631866333,1,1,1,0,1,1,1,1
0.631970292,1,1,1,0,1,1,1,0
0.631970333,1,0,1,0,1,1,1,0
0.632906458,1,0,1,0,1,1,1,1
0.632906542,1,1,1,0,1,1,1,1
0.633010500,1,1,1,0,1,1,1,0
0.633010542,1,0,1,0,1,1,1,0
0.633114500,1,0,1,0,1,1,1,1
0.633114583,1,1,1,0,1,1,1,1
0.633530625,1,1,1,0,1,1,1,0
0.633530667,1,0,1,0,1,1,1,0
0.633842667,1,0,1,0,1,1,1,1
0.633842750,1,1,1,0,1,1,1,1
0.634050708,1,1,1,0,1,1,1,0
0.634050750,1,0,1,0,1,1,1,0
0.634154708,1,0,1,0,1,1,1,1
0.634154792,1,1,1,0,1,1,1,1
0.634258750,1,1,1,0,1,1,1,0
0.634258792,1,0,1,0,1,1,1,0
0.634362750,1,0,1,0,1,1,1,1
0.634362833,1,1,1,0,1,1,1,1
0.634674833,1,1,1,0,1,1,1,0
0.634674875,1,0,1,0,1,1,1,0
0.634778833,1,0,1,0,1,1,1,1
0.634778917,1,1,1,0,1,1,1,1
0.634882875,1,1,1,0,1,1,1,0
0.634882917,1,0,1,0,1,1,1,0
0.634986875,1,0,1,0,1,1,1,1
0.634986958,1,1,1,0,1,1,1,1
0.653855750,0,1,1,0,0,1,0,1
0.653960042,1,1,1,0,1,1,0,1
0.653960083,1,1,1,0,1,1,1,1
0.654064083,1,1,1,0,1,1,0,1
0.654064125,0,1,1,0,0,1,0,1
0.654168417,1,1,1,0,1,1,1,1
0.654272458,0,1,1,0,0,1,0,1
0.654376792,1,1,1,0,1,1,1,1
0.654480833,0,1,1,0,0,1,0,1
0.654585167,1,1,1,0,1,1,1,1
0.654689208,0,1,1,0,0,1,0,1
0.654793500,1,1,1,0,0,1,0,1
0.654793542,1,1,1,0,1,1,1,1
0.654897583,0,1,1,0,0,1,0,1
0.655106083,1,1,1,0,1,1,1,1
0.655210125,0,1,1,0,0,1,0,1
0.655314417,1,1,1,0,0,1,0,1
0.655314458,1,1,1,0,1,1,1,1
0.655418500,0,1,1,0,0,1,0,1
0.655522792,1,1,1,0,0,1,1,1
0.655522833,1,1,1,0,1,1,1,1
0.655626833,1,1,1,0,1,1,0,1
0.655626875,0,1,1,0,0,1,0,1
0.655731167,1,1,1,0,1,1,1,1
0.655939417,0,1,1,0,0,1,0,1
0.656043708,1,1,1,0,1,1,1,1
0.656147750,1,1,1,0,1,1,0,1
0.656147792,0,1,1,0,0,1,0,1
0.656877167,1,1,1,0,1,1,0,1
0.656877208,1,1,1,0,1,1,1,1
0.656981250,0,1,1,0,0,1,0,1
0.657293917,1,1,1,0,1,1,1,1
0.657397958,0,1,1,0,1,1,0,1
0.657398000,0,1,1,0,0,1,0,1
0.657919042,1,1,1,0,1,1,1,1
0.658023083,0,1,1,0,0,1,0,1
0.658127375,1,1,1,0,0,1,1,1
0.658127417,1,1,1,0,1,1,1,1
0.658231458,0,1,1,0,0,1,0,1
0.658960875,1,1,1,0,1,1,1,1
0.659064917,0,1,1,0,0,1,0,1
0.660002708,1,1,1,0,1,1,1,1
0.660106750,0,1,1,0,0,1,0,1
0.661044542,1,1,1,0,1,1,1,1
0.661148583,0,1,1,0,0,1,0,1
0.661252917,1,1,1,0,1,1,1,1
0.661356958,0,1,1,0,0,1,0,1
0.661461250,1,1,1,0,1,1,1,1
0.661565333,0,1,1,0,0,1,0,1
0.662086375,1,1,1,0,1,1,1,1
0.662190417,0,1,1,0,0,1,0,1
0.662284625,0,1,1,0,0,0,0,1
0.662284667,0,0,1,0,0,0,0,1
0.662294750,1,0,1,0,1,0,1,1
0.662388625,1,0,1,0,1,1,1,1
0.662388708,1,1,1,0,1,1,1,1
0.662398792,0,1,1,0,0,1,0,1
0.662492667,0,1,1,0,0,0,0,1
0.662492708,0,0,1,0,0,0,0,1
0.662503125,1,0,1,0,1,0,1,1
0.662596667,1,0,1,0,1,1,1,1
0.662596750,1,1,1,0,1,1,1,1
0.662607167,0,1,1,0,0,1,0,1
0.662700708,0,1,1,0,0,0,0,1
0.662700750,0,0,1,0,0,0,0,1
0.662711500,1,0,1,0,1,0,1,1
0.662804708,1,0,1,0,1,1,1,1
0.662804792,1,1,1,0,1,1,1,1
0.662815500,0,1,1,0,1,1,0,1
0.662815542,0,1,1,0,0,1,0,1
0.662908750,0,1,1,0,0,0,0,1
0.662908792,0,0,1,0,0,0,0,1
0.662919875,1,0,1,0,1,0,1,1
0.663012750,1,0,1,0,1,1,1,1
0.663012833,1,1,1,0,1,1,1,1
0.663023875,0,1,1,0,0,1,0,1
0.663116792,0,1,1,0,0,0,0,1
0.663116833,0,0,1,0,0,0,0,1
0.663128250,1,0,1,0,1,0,1,1
0.663220792,1,0,1,0,1,1,1,1
0.663220875,1,1,1,0,1,1,1,1
0.663232250,0,1,1,0,0,1,0,1
0.663324833,0,1,1,0,0,0,0,1
0.663324917,0,0,1,0,0,0,0,1
0.663440750,1,0,1,0,0,0,0,1
0.663440792,1,0,1,0,1,0,1,1
0.663532875,1,0,1,0,1,1,1,1
0.663532958,1,1,1,0,1,1,1,1
0.663544792,0,1,1,0,0,1,0,1
0.663636917,0,1,1,0,0,0,0,1
0.663636958,0,0,1,0,0,0,0,1
0.663649125,1,0,1,0,1,0,1,1
0.663740917,1,0,1,0,1,1,1,1
0.663740958,1,1,1,0,1,1,1,1
0.663753167,0,1,1,0,0,1,0,1
0.663844958,0,1,1,0,0,0,0,1
0.663845000,0,0,1,0,0,0,0,1
0.663857500,1,0,1,0,1,0,1,1
0.663948958,1,0,1,0,1,1,1,1
0.663949042,1,1,1,0,1,1,1,1
0.663961542,0,1,1,0,0,1,0,1
0.664053000,0,1,1,0,0,0,0,1
0.664053042,0,0,1,0,0,0,0,1
0.664065875,1,0,1,0,1,0,1,1
0.664157000,1,0,1,0,1,1,1,1
0.664157083,1,1,1,0,1,1,1,1
0.664274083,0,1,1,0,0,1,0,1
0.664365042,0,1,1,0,0,0,0,1
0.664365125,0,0,1,0,0,0,0,1
0.664378417,1,0,1,0,1,0,1,1
0.664469083,1,0,1,0,1,1,1,1
0.664469125,1,1,1,0,1,1,1,1
0.664482458,0,1,1,0,0,1,0,1
0.664573125,0,1,1,0,0,0,0,1
0.664573167,0,0,1,0,0,0,0,1
0.665211875,1,0,1,0,1,0,1,1
0.665301250,1,0,1,0,1,1,1,1
0.665301292,1,1,1,0,1,1,1,1
0.665315917,0,1,1,0,0,1,0,1
0.665405292,0,1,1,0,0,0,0,1
0.665405333,0,0,1,0,0,0,0,1
0.665509292,0,0,1,0,0,1,0,1
0.665509375,0,1,1,0,0,1,0,1
0.665613333,0,1,1,0,0,0,0,1
0.665613375,0,0,1,0,0,0,0,1
0.665628625,1,0,1,0,1,0,1,1
0.665717333,1,0,1,0,1,1,1,1
0.665717417,1,1,1,0,1,1,1,1
0.665732667,0,1,1,0,0,1,0,1
0.665821375,0,1,1,0,0,0,0,1
0.665821417,0,0,1,0,0,0,0,1
0.666253708,1,0,1,0,0,0,1,1
0.666253750,1,0,1,0,1,0,1,1
0.666341458,1,0,1,0,1,1,1,1
0.666341500,1,1,1,0,1,1,1,1
0.666357750,0,1,1,0,0,1,0,1
0.666445500,0,1,1,0,0,0,0,1
0.666445542,0,0,1,0,0,0,0,1
0.666462083,1,0,1,0,0,0,0,1
0.666462125,1,0,1,0,1,0,1,1
0.666566125,0,0,1,0,0,0,0,1
0.666757542,0,0,1,0,0,1,0,1
0.666757667,0,1,1,0,0,1,0,1
0.666861583,0,1,1,0,0,0,0,1
0.666861625,0,0,1,0,0,0,0,1
0.666983000,1,0,1,0,0,0,1,1
0.666983042,1,0,1,0,1,0,1,1
0.667087042,0,0,1,0,0,0,0,1
0.667295583,1,0,1,0,1,0,1,1
0.667381667,1,0,1,0,1,1,1,1
0.667381750,1,1,1,0,1,1,1,1
0.667399583,0,1,1,0,0,1,0,1
0.667485708,0,1,1,0,0,0,0,1
0.667485750,0,0,1,0,0,0,0,1
0.667503917,1,0,1,0,1,0,1,1
0.667607958,0,0,1,0,0,0,0,1
0.667797750,0,0,1,0,0,1,0,1
0.667797875,0,1,1,0,0,1,0,1
0.667901792,0,1,1,0,0,0,0,1
0.667901875,0,0,1,0,0,0,0,1
0.668005792,0,0,1,0,0,1,0,1
0.668005917,0,1,1,0,0,1,0,1
0.668109833,0,1,1,0,0,0,0,1
0.668109917,0,0,1,0,0,0,0,1
0.668317875,0,0,1,0,0,1,0,1
0.668318000,0,1,1,0,0,1,0,1
0.668337375,1,1,1,0,1,1,1,1
0.668441417,0,1,1,0,0,1,0,1
0.668525917,0,1,1,0,0,0,0,1
0.668526000,0,0,1,0,0,0,0,1
0.668629958,0,0,1,0,0,1,0,1
0.668630042,0,1,1,0,0,1,0,1
0.668733958,0,1,1,0,0,0,0,1
0.668734042,0,0,1,0,0,0,0,1
0.668838000,0,0,1,0,0,1,0,1
0.668838083,0,1,1,0,0,1,0,1
0.669379208,1,1,1,0,1,1,1,1
0.669483250,0,1,1,0,0,1,0,1
0.669566167,0,1,1,0,0,0,0,1
0.669566208,0,0,1,0,0,0,0,1
0.669587583,1,0,1,0,1,0,1,1
0.669670167,1,0,1,0,1,1,1,1
0.669670208,1,1,1,0,1,1,1,1
0.669691625,0,1,1,0,0,1,0,1
0.669795958,1,1,1,0,1,1,1,1
0.669878208,1,1,1,0,1,0,1,1
0.669878250,1,0,1,0,1,0,1,1
0.669900000,0,0,1,0,0,0,0,1
0.669982208,0,0,1,0,0,1,0,1
0.669982333,0,1,1,0,0,1,0,1
0.670086250,0,1,1,0,0,0,0,1
0.670086292,0,0,1,0,0,0,0,1
0.670190250,0,0,1,0,0,1,0,1
0.670190375,0,1,1,0,0,1,0,1
0.670398333,0,1,1,0,0,0,0,1
0.670398375,0,0,1,0,0,0,0,1
0.670421083,1,0,1,0,1,0,1,1
0.670502333,1,0,1,0,1,1,1,1
0.670502375,1,1,1,0,1,1,1,1
0.670561833,1,1,1,0,1,1,1,0
0.670561875,1,0,1,0,1,1,1,0
0.670606375,1,0,1,0,1,0,1,0
0.670665833,1,0,1,0,1,0,1,1
0.670710375,1,0,1,0,1,1,1,1
0.670710458,1,1,1,0,1,1,1,1
0.670769875,1,1,1,0,1,1,1,0
0.670769917,1,0,1,0,1,1,1,0
0.670814417,1,0,1,0,1,0,1,0
0.670873875,1,0,1,0,1,0,1,1
0.670977917,1,0,1,0,1,0,1,0
0.671081917,1,0,1,0,1,0,1,1
0.671185958,1,0,1,0,1,0,1,0
0.671289958,1,0,1,0,1,0,1,1
0.671334500,1,0,1,0,1,1,1,1
0.671334542,1,1,1,0,1,1,1,1
0.671394000,1,1,1,0,1,1,1,0
0.671394042,1,0,1,0,1,1,1,0
0.671438542,1,0,1,0,1,0,1,0
0.671498000,1,0,1,0,1,0,1,1
0.671542542,1,0,1,0,1,1,1,1
0.671542625,1,1,1,0,1,1,1,1
0.671602042,1,1,1,0,1,1,1,0
0.671602083,1,0,1,0,1,1,1,0
0.671810042,1,0,1,0,1,1,1,1
0.671810125,1,1,1,0,1,1,1,1
0.671914083,1,1,1,0,1,1,1,0
0.671914125,1,0,1,0,1,1,1,0
0.672018083,1,0,1,0,1,1,1,1
0.672018167,1,1,1,0,1,1,1,1
0.672122125,1,1,1,0,1,1,1,0
0.672122167,1,0,1,0,1,1,1,0
0.672226125,1,0,1,0,1,1,1,1
0.672226208,1,1,1,0,1,1,1,1
0.672330167,1,1,1,0,1,1,1,0
0.672330208,1,0,1,0,1,1,1,0
0.672434167,1,0,1,0,1,1,1,1
0.672434250,1,1,1,0,1,1,1,1
0.672642250,1,1,1,0,1,1,1,0
0.672642292,1,0,1,0,1,1,1,0
0.672746250,1,0,1,0,1,1,1,1
0.672746333,1,1,1,0,1,1,1,1
0.672850292,1,1,1,0,1,1,1,0
0.672850333,1,0,1,0,1,1,1,0
0.673578417,1,0,1,0,1,1,1,1
0.673578500,1,1,1,0,1,1,1,1
0.673682417,1,1,1,0,1,1,1,0
0.673682458,1,0,1,0,1,1,1,0
0.673786458,1,0,1,0,1,1,1,1
0.673786542,1,1,1,0,1,1,1,1
0.673890458,1,1,1,0,1,1,1,0
0.673890500,1,0,1,0,1,1,1,0
0.673994500,1,0,1,0,1,1,1,1
0.673994583,1,1,1,0,1,1,1,1
0.674098500,1,1,1,0,1,1,1,0
0.674098542,1,0,1,0,1,1,1,0
0.674618583,1,0,1,0,1,1,1,1
0.674618708,1,1,1,0,1,1,1,1
0.674722625,1,1,1,0,1,1,1,0
0.674722667,1,0,1,0,1,1,1,0
0.675034667,1,0,1,0,1,1,1,1
0.675034792,1,1,1,0,1,1,1,1
0.675138708,1,1,1,0,1,1,1,0
0.675138750,1,0,1,0,1,1,1,0
0.675346750,1,0,1,0,1,1,1,1
0.675346833,1,1,1,0,1,1,1,1
0.675450792,1,1,1,0,1,1,1,0
0.675450833,1,0,1,0,1,1,1,0
0.675658792,1,0,1,0,1,1,1,1
0.675658875,1,1,1,0,1,1,1,1
0.675762833,1,1,1,0,1,1,1,0
0.675762875,1,0,1,0,1,1,1,0
0.676074875,1,0,1,0,1,1,1,1
0.676074958,1,1,1,0,1,1,1,1
0.676178917,1,1,1,0,1,1,1,0
0.676178958,1,0,1,0,1,1,1,0
0.676282917,1,0,1,0,1,1,1,1
0.676283000,1,1,1,0,1,1,1,1
0.676386958,1,1,1,0,1,1,1,0
0.676387000,1,0,1,0,1,1,1,0
0.676699000,1,0,1,0,1,1,1,1
0.676699083,1,1,1,0,1,1,1,1
0.676803042,1,1,1,0,1,1,1,0
0.676803083,1,0,1,0,1,1,1,0
0.677739208,1,0,1,0,1,1,1,1
0.677739292,1,1,1,0,1,1,1,1
0.677843250,1,1,1,0,1,1,1,0
0.677843292,1,0,1,0,1,1,1,0
0.677947250,1,0,1,0,1,1,1,1
0.677947333,1,1,1,0,1,1,1,1
0.678363333,1,1,1,0,1,1,1,0
0.678363375,1,0,1,0,1,1,1,0
0.678675375,1,0,1,0,1,1,1,1
0.678675500,1,1,1,0,1,1,1,1
0.678883458,1,1,1,0,1,1,1,0
0.678883500,1,0,1,0,1,1,1,0
0.679091458,1,0,1,0,1,1,1,1
0.679091542,1,1,1,0,1,1,1,1
0.679507583,1,1,1,0,1,1,1,0
0.679507625,1,0,1,0,1,1,1,0
0.679611583,1,0,1,0,1,1,1,1
0.679611667,1,1,1,0,1,1,1,1
0.679715625,1,1,1,0,1,1,1,0
0.679715667,1,0,1,0,1,1,1,0
0.679819625,1,0,1,0,1,1,1,1
0.679819708,1,1,1,0,1,1,1,1
0.892331792,0,1,1,0,0,1,0,1
0.892436125,1,1,1,0,1,1,1,1
0.892540167,0,1,1,0,0,1,0,1
0.892644458,1,1,1,0,1,1,1,1
0.892748542,0,1,1,0,0,1,0,1
0.892852833,1,1,1,0,1,1,1,1
0.892956917,0,1,1,0,0,1,0,1
0.893061208,1,1,1,0,1,1,1,1
0.893165250,0,1,1,0,1,1,0,1
0.893165292,0,1,1,0,0,1,0,1
0.893269583,1,1,1,0,1,1,1,1
0.893373625,0,1,1,0,0,1,0,1
0.893582125,1,1,1,0,1,1,1,1
0.893686167,0,1,1,0,1,1,0,1
0.893686208,0,1,1,0,0,1,0,1
0.893790500,1,1,1,0,1,1,1,1
0.893894542,0,1,1,0,0,1,0,1
0.893998875,1,1,1,0,1,1,1,1
0.894102917,0,1,1,0,0,1,0,1
0.894207250,1,1,1,0,1,1,1,1
0.894415458,0,1,1,0,0,1,0,1
0.894519792,1,1,1,0,1,1,1,1
0.894623833,0,1,1,0,0,1,0,1
0.895353250,1,1,1,0,1,1,1,1
0.895457292,0,1,1,0,0,1,0,1
0.895561625,1,1,1,0,1,1,1,1
0.895665667,0,1,1,0,0,1,0,1
0.896395083,1,1,1,0,1,1,1,1
0.896499125,0,1,1,0,0,1,0,1
0.896811833,1,1,1,0,1,1,1,1
0.896915875,0,1,1,0,0,1,0,1
0.897436917,1,1,1,0,1,1,1,1
0.897581875,1,1,1,0,1,0,1,1
0.897581917,1,0,1,0,1,0,1,1
0.897685875,1,0,1,0,1,1,1,1
0.897685917,1,1,1,0,1,1,1,1
0.897789917,1,1,1,0,1,0,1,1
0.897789958,1,0,1,0,1,0,1,1
0.897893917,1,0,1,0,1,1,1,1
0.897893958,1,1,1,0,1,1,1,1
0.897997958,1,1,1,0,1,0,1,1
0.897998000,1,0,1,0,1,0,1,1
0.898101958,1,0,1,0,1,1,1,1
0.898102042,1,1,1,0,1,1,1,1
0.898206000,1,1,1,0,1,0,1,1
0.898206042,1,0,1,0,1,0,1,1
0.898310000,1,0,1,0,1,1,1,1
0.898310083,1,1,1,0,1,1,1,1
0.898414042,1,1,1,0,1,0,1,1
0.898414083,1,0,1,0,1,0,1,1
0.898518042,1,0,1,0,1,1,1,1
0.898518083,1,1,1,0,1,1,1,1
0.898622083,1,1,1,0,1,0,1,1
0.898622125,1,0,1,0,1,0,1,1
0.898830125,1,0,1,0,1,1,1,1
0.898830167,1,1,1,0,1,1,1,1
0.898934125,1,1,1,0,1,0,1,1
0.898934167,1,0,1,0,1,0,1,1
0.899038167,1,0,1,0,1,1,1,1
0.899038208,1,1,1,0,1,1,1,1
0.899142167,1,1,1,0,1,0,1,1
0.899142250,1,0,1,0,1,0,1,1
0.899246208,1,0,1,0,1,1,1,1
0.899246292,1,1,1,0,1,1,1,1
0.899350250,1,1,1,0,1,0,1,1
0.899350292,1,0,1,0,1,0,1,1
0.899454250,1,0,1,0,1,1,1,1
0.899454292,1,1,1,0,1,1,1,1
0.899662292,1,1,1,0,1,0,1,1
0.899662333,1,0,1,0,1,0,1,1
0.899766292,1,0,1,0,1,1,1,1
0.899766375,1,1,1,0,1,1,1,1
0.899870333,1,1,1,0,1,0,1,1
0.899870375,1,0,1,0,1,0,1,1
0.900598458,1,0,1,0,1,1,1,1
0.900598542,1,1,1,0,1,1,1,1
0.900806542,1,1,1,0,1,0,1,1
0.900806583,1,0,1,0,1,0,1,1
0.900910542,1,0,1,0,1,1,1,1
0.900910625,1,1,1,0,1,1,1,1
0.901014583,1,1,1,0,1,0,1,1
0.901014625,1,0,1,0,1,0,1,1
0.901118583,1,0,1,0,1,1,1,1
0.901118625,1,1,1,0,1,1,1,1
0.901222625,1,1,1,0,1,0,1,1
0.901222667,1,0,1,0,1,0,1,1
0.901742708,1,0,1,0,1,1,1,1
0.901742792,1,1,1,0,1,1,1,1
0.901846750,1,1,1,0,1,0,1,1
0.901846792,1,0,1,0,1,0,1,1
0.902158792,1,0,1,0,1,1,1,1
0.902158875,1,1,1,0,1,1,1,1
0.902262833,1,1,1,0,1,0,1,1
0.902262875,1,0,1,0,1,0,1,1
0.902782917,1,0,1,0,1,1,1,1
0.902783000,1,1,1,0,1,1,1,1
0.902886958,1,1,1,0,1,0,1,1
0.902887000,1,0,1,0,1,0,1,1
0.903199000,1,0,1,0,1,1,1,1
0.903199083,1,1,1,0,1,1,1,1
0.903303042,1,1,1,0,1,0,1,1
0.903303083,1,0,1,0,1,0,1,1
0.903407083,1,0,1,0,1,1,1,1
0.903407125,1,1,1,0,1,1,1,1
0.903511083,1,1,1,0,1,0,1,1
0.903511125,1,0,1,0,1,0,1,1
0.903719125,1,0,1,0,1,1,1,1
0.903719208,1,1,1,0,1,1,1,1
0.903927208,1,1,1,0,1,0,1,1
0.903927250,1,0,1,0,1,0,1,1
0.904031208,1,0,1,0,1,1,1,1
0.904031292,1,1,1,0,1,1,1,1
0.904135250,1,1,1,0,1,0,1,1
0.904135292,1,0,1,0,1,0,1,1
0.904239250,1,0,1,0,1,1,1,1
0.904239333,1,1,1,0,1,1,1,1
0.904967417,1,1,1,0,1,0,1,1
0.904967458,1,0,1,0,1,0,1,1
0.905071417,1,0,1,0,1,1,1,1
0.905071458,1,1,1,0,1,1,1,1
0.905279458,1,1,1,0,1,0,1,1
0.905279500,1,0,1,0,1,0,1,1
0.905383458,1,0,1,0,1,1,1,1
0.905383542,1,1,1,0,1,1,1,1
0.905487500,1,1,1,0,1,0,1,1
0.905487542,1,0,1,0,1,0,1,1
0.905591542,1,0,1,0,1,1,1,1
0.905591583,1,1,1,0,1,1,1,1
0.905799583,1,1,1,0,1,0,1,1
0.905799625,1,0,1,0,1,0,1,1
0.905903583,1,0,1,0,1,1,1,1
0.905903667,1,1,1,0,1,1,1,1
0.906007625,1,1,1,0,1,0,1,1
0.906007667,1,0,1,0,1,0,1,1
0.906423708,1,0,1,0,1,1,1,1
0.906423750,1,1,1,0,1,1,1,1
0.906735792,1,1,1,0,1,0,1,1
0.906735833,1,0,1,0,1,0,1,1
0.906943792,1,0,1,0,1,1,1,1
0.906943875,1,1,1,0,1,1,1,1
0.917752583,0,1,1,0,0,1,0,1
0.917856875,1,1,1,0,0,1,0,1
0.917856917,1,1,1,0,1,1,1,1
0.917960958,0,1,1,0,0,1,0,1
0.918065250,1,1,1,0,1,1,1,1
0.918169292,0,1,1,0,1,1,0,1
0.918169333,0,1,1,0,0,1,0,1
0.918273625,1,1,1,0,1,1,1,1
0.918377667,0,1,1,0,0,1,0,1
0.918482000,1,1,1,0,1,1,1,1
0.918586042,0,1,1,0,0,1,0,1
0.918690375,1,1,1,0,1,1,1,1
0.918794417,0,1,1,0,0,1,0,1
0.919002917,1,1,1,0,1,1,1,1
0.919106958,0,1,1,0,0,1,0,1
0.919211292,1,1,1,0,1,1,1,1
0.919315333,0,1,1,0,0,1,0,1
0.919419625,1,1,1,0,1,1,0,1
0.919419667,1,1,1,0,1,1,1,1
0.919523708,0,1,1,0,0,1,0,1
0.919628000,1,1,1,0,1,1,1,1
0.919836250,0,1,1,0,0,1,0,1
0.919940542,1,1,1,0,0,1,0,1
0.919940583,1,1,1,0,1,1,1,1
0.920044625,0,1,1,0,0,1,0,1
0.920774042,1,1,1,0,1,1,1,1
0.920878083,0,1,1,0,0,1,0,1
0.920982375,1,1,1,0,0,1,0,1
0.920982417,1,1,1,0,1,1,1,1
0.921086458,0,1,1,0,0,1,0,1
0.921815875,1,1,1,0,1,1,1,1
0.921919917,0,1,1,0,0,1,0,1
0.922232583,1,1,1,0,0,1,0,1
0.922232625,1,1,1,0,1,1,1,1
0.922336667,0,1,1,0,0,1,0,1
0.922545167,1,1,1,0,1,1,1,1
0.922649208,0,1,1,0,0,1,0,1
0.922857708,1,1,1,0,1,1,1,1
0.923019042,1,1,1,0,1,1,1,0
0.923019083,1,0,1,0,1,1,1,0
0.923123042,1,0,1,0,1,1,1,1
0.923123125,1,1,1,0,1,1,1,1
0.923227083,1,1,1,0,1,1,1,0
0.923227125,1,0,1,0,1,1,1,0
0.923331083,1,0,1,0,1,1,1,1
0.923331167,1,1,1,0,1,1,1,1
0.923435125,1,1,1,0,1,1,1,0
0.923435167,1,0,1,0,1,1,1,0
0.923539125,1,0,1,0,1,1,1,1
0.923539208,1,1,1,0,1,1,1,1
0.923643167,1,1,1,0,1,1,1,0
0.923643208,1,0,1,0,1,1,1,0
0.923747167,1,0,1,0,1,1,1,1
0.923747250,1,1,1,0,1,1,1,1
0.923851208,1,1,1,0,1,1,1,0
0.923851250,1,0,1,0,1,1,1,0
0.923955208,1,0,1,0,1,1,1,1
0.923955292,1,1,1,0,1,1,1,1
0.924059250,1,1,1,0,1,1,1,0
0.924059292,1,0,1,0,1,1,1,0
0.924267292,1,0,1,0,1,1,1,1
0.924267375,1,1,1,0,1,1,1,1
0.924371292,1,1,1,0,1,1,1,0
0.924371333,1,0,1,0,1,1,1,0
0.924475333,1,0,1,0,1,1,1,1
0.924475417,1,1,1,0,1,1,1,1
0.924579333,1,1,1,0,1,1,1,0
0.924579375,1,0,1,0,1,1,1,0
0.924683333,1,0,1,0,1,1,1,1
0.924683458,1,1,1,0,1,1,1,1
0.924787375,1,1,1,0,1,1,1,0
0.924787417,1,0,1,0,1,1,1,0
0.924891375,1,0,1,0,1,1,1,1
0.924891500,1,1,1,0,1,1,1,1
0.925099458,1,1,1,0,1,1,1,0
0.925099500,1,0,1,0,1,1,1,0
0.925203458,1,0,1,0,1,1,1,1
0.925203542,1,1,1,0,1,1,1,1
0.925307500,1,1,1,0,1,1,1,0
0.925307542,1,0,1,0,1,1,1,0
0.926035625,1,0,1,0,1,1,1,1
0.926035708,1,1,1,0,1,1,1,1
0.926139667,1,1,1,0,1,1,1,0
0.926139708,1,0,1,0,1,1,1,0
0.926243667,1,0,1,0,1,1,1,1
0.926243750,1,1,1,0,1,1,1,1
0.926347708,1,1,1,0,1,1,1,0
0.926347750,1,0,1,0,1,1,1,0
0.926451708,1,0,1,0,1,1,1,1
0.926451792,1,1,1,0,1,1,1,1
0.926555750,1,1,1,0,1,1,1,0
0.926555792,1,0,1,0,1,1,1,0
0.927075833,1,0,1,0,1,1,1,1
0.927075917,1,1,1,0,1,1,1,1
0.927179875,1,1,1,0,1,1,1,0
0.927179917,1,0,1,0,1,1,1,0
0.927491917,1,0,1,0,1,1,1,1
0.927492000,1,1,1,0,1,1,1,1
0.927595917,1,1,1,0,1,1,1,0
0.927596000,1,0,1,0,1,1,1,0
0.927803958,1,0,1,0,1,1,1,1
0.927804042,1,1,1,0,1,1,1,1
0.927908000,1,1,1,0,1,1,1,0
0.927908042,1,0,1,0,1,1,1,0
0.928116042,1,0,1,0,1,1,1,1
0.928116125,1,1,1,0,1,1,1,1
0.928220042,1,1,1,0,1,1,1,0
0.928220083,1,0,1,0,1,1,1,0
0.928532125,1,0,1,0,1,1,1,1
0.928532167,1,1,1,0,1,1,1,1
0.928636125,1,1,1,0,1,1,1,0
0.928636167,1,0,1,0,1,1,1,0
0.928740125,1,0,1,0,1,1,1,1
0.928740208,1,1,1,0,1,1,1,1
0.928844167,1,1,1,0,1,1,1,0
0.928844208,1,0,1,0,1,1,1,0
0.929156208,1,0,1,0,1,1,1,1
0.929156333,1,1,1,0,1,1,1,1
0.929260250,1,1,1,0,1,1,1,0
0.929260292,1,0,1,0,1,1,1,0
0.930196417,1,0,1,0,1,1,1,1
0.930196500,1,1,1,0,1,1,1,1
0.930300458,1,1,1,0,1,1,1,0
0.930300500,1,0,1,0,1,1,1,0
0.930404458,1,0,1,0,1,1,1,1
0.930404542,1,1,1,0,1,1,1,1
0.930820583,1,1,1,0,1,1,1,0
0.930820625,1,0,1,0,1,1,1,0
0.931132625,1,0,1,0,1,1,1,1
0.931132708,1,1,1,0,1,1,1,1
0.931340667,1,1,1,0,1,1,1,0
0.931340708,1,0,1,0,1,1,1,0
0.931548708,1,0,1,0,1,1,1,1
0.931548792,1,1,1,0,1,1,1,1
0.931756750,1,1,1,0,1,1,1,0
0.931756792,1,0,1,0,1,1,1,0
0.931964792,1,0,1,0,1,1,1,1
0.931964833,1,1,1,0,1,1,1,1
0.932172833,1,1,1,0,1,1,1,0
0.932172875,1,0,1,0,1,1,1,0
0.932276833,1,0,1,0,1,1,1,1
0.932276917,1,1,1,0,1,1,1,1
0.951195500,0,1,1,0,0,1,0,1
0.951299792,1,1,1,0,1,1,1,1
0.951403833,0,1,1,0,1,1,0,1
0.951403875,0,1,1,0,0,1,0,1
0.951508167,1,1,1,0,1,1,1,1
0.951612208,0,1,1,0,0,1,0,1
0.951716542,1,1,1,0,1,1,1,1
0.951820583,0,1,1,0,0,1,0,1
0.951924917,1,1,1,0,1,1,1,1
0.952028958,0,1,1,0,0,1,0,1
0.952133250,1,1,1,0,0,1,0,1
0.952133292,1,1,1,0,1,1,1,1
0.952237333,0,1,1,0,0,1,0,1
0.952445833,1,1,1,0,1,1,1,1
0.952549875,0,1,1,0,0,1,0,1
0.952654167,1,1,1,0,0,1,0,1
0.952654208,1,1,1,0,1,1,1,1
0.952758250,0,1,1,0,0,1,0,1
0.952862542,1,1,1,0,1,1,1,1
0.952966583,1,1,1,0,1,1,0,1
0.952966625,0,1,1,0,0,1,0,1
0.953070917,1,1,1,0,1,1,1,1
0.953279167,0,1,1,0,0,1,0,1
0.953383458,1,1,1,0,1,1,1,1
0.953487500,1,1,1,0,1,1,0,1
0.953487542,0,1,1,0,0,1,0,1
0.954216917,1,1,1,0,0,1,0,1
0.954216958,1,1,1,0,1,1,1,1
0.954321000,0,1,1,0,0,1,0,1
0.954633667,1,1,1,0,1,1,1,1
0.954737708,0,1,1,0,0,1,0,1
0.955258750,1,1,1,0,0,1,0,1
0.955258792,1,1,1,0,1,1,1,1
0.955362833,0,1,1,0,0,1,0,1
0.955467125,1,1,1,0,1,1,1,1
0.955571208,0,1,1,0,0,1,0,1
0.956300625,1,1,1,0,1,1,1,1
0.956404667,0,1,1,0,0,1,0,1
0.957342458,1,1,1,0,1,1,1,1
0.957446500,0,1,1,0,0,1,0,1
0.958384292,1,1,1,0,1,1,1,1
0.958488333,0,1,1,0,0,1,0,1
0.958592625,1,1,1,0,0,1,1,1
0.958592667,1,1,1,0,1,1,1,1
0.958696708,0,1,1,0,0,1,0,1
0.958801000,1,1,1,0,1,1,1,1
0.958905042,1,1,1,0,1,1,0,1
0.958905083,0,1,1,0,0,1,0,1
0.959426125,1,1,1,0,1,1,1,1
0.959530167,0,1,1,0,0,1,0,1
0.959634458,1,1,1,0,0,1,0,1
0.959634500,1,1,1,0,1,1,1,1
0.959682875,1,1,1,0,1,0,1,1
0.959682917,1,0,1,0,1,0,1,1
0.959738542,0,0,1,0,0,0,0,1
0.959786875,0,0,1,0,0,1,0,1
0.959786958,0,1,1,0,0,1,0,1
0.959842833,1,1,1,0,1,1,1,1
0.959890917,1,1,1,0,1,0,1,1
0.959890958,1,0,1,0,1,0,1,1
0.959946917,0,0,1,0,0,0,0,1
0.959994917,0,0,1,0,0,1,0,1
0.959995000,0,1,1,0,0,1,0,1
0.960051208,1,1,1,0,1,1,1,1
0.960098958,1,1,1,0,1,0,1,1
0.960099000,1,0,1,0,1,0,1,1
0.960155250,0,0,1,0,0,0,0,1
0.960202958,0,0,1,0,0,1,0,1
0.960203042,0,1,1,0,0,1,0,1
0.960259583,1,1,1,0,1,1,1,1
0.960307000,1,1,1,0,1,0,1,1
0.960307042,1,0,1,0,1,0,1,1
0.960363625,0,0,1,0,0,0,0,1
0.960411000,0,0,1,0,0,1,0,1
0.960411083,0,1,1,0,0,1,0,1
0.960467958,1,1,1,0,1,1,1,1
0.960515042,1,1,1,0,1,0,1,1
0.960515083,1,0,1,0,1,0,1,1
0.960572000,0,0,1,0,0,0,0,1
0.960619042,0,0,1,0,0,1,0,1
0.960619125,0,1,1,0,0,1,0,1
0.960723083,0,1,1,0,0,0,0,1
0.960723125,0,0,1,0,0,0,0,1
0.960780500,1,0,1,0,0,0,0,1
0.960780542,1,0,1,0,1,0,1,1
0.960884542,0,0,1,0,0,0,0,1
0.960931083,0,0,1,0,0,1,0,1
0.960931208,0,1,1,0,0,1,0,1
0.960988875,1,1,1,0,1,1,1,1
0.961035125,1,1,1,0,1,0,1,1
0.961035167,1,0,1,0,1,0,1,1
0.961092917,0,0,1,0,0,0,0,1
0.961139125,0,0,1,0,0,1,0,1
0.961139250,0,1,1,0,0,1,0,1
0.961197250,1,1,1,0,1,1,1,1
0.961243167,1,1,1,0,1,0,1,1
0.961243208,1,0,1,0,1,0,1,1
0.961301292,0,0,1,0,0,0,0,1
0.961347208,0,0,1,0,0,1,0,1
0.961347292,0,1,1,0,0,1,0,1
0.961405583,1,1,1,0,1,1,1,1
0.961451208,1,1,1,0,1,0,1,1
0.961451250,1,0,1,0,1,0,1,1
0.961555250,1,0,1,0,1,1,1,1
0.961555292,1,1,1,0,1,1,1,1
0.961613833,0,1,1,0,0,1,0,1
0.961718167,1,1,1,0,1,1,1,1
0.961763292,1,1,1,0,1,0,1,1
0.961763333,1,0,1,0,1,0,1,1
0.961822208,0,0,1,0,0,0,0,1
0.961867292,0,0,1,0,0,1,0,1
0.961867417,0,1,1,0,0,1,0,1
0.961971333,0,1,1,0,0,0,0,1
0.961971375,0,0,1,0,0,0,0,1
0.962551625,1,0,1,0,1,0,1,1
0.962655667,0,0,1,0,0,0,0,1
0.962699458,0,0,1,0,0,1,0,1
0.962699583,0,1,1,0,0,1,0,1
0.962803500,0,1,1,0,0,0,0,1
0.962803542,0,0,1,0,0,0,0,1
0.962907500,0,0,1,0,0,1,0,1
0.962907625,0,1,1,0,0,1,0,1
0.962968333,1,1,1,0,1,1,0,1
0.962968375,1,1,1,0,1,1,1,1
0.963011542,1,1,1,0,1,0,1,1
0.963011583,1,0,1,0,1,0,1,1
0.963072417,0,0,1,0,0,0,0,1
0.963115542,0,0,1,0,0,1,0,1
0.963115667,0,1,1,0,0,1,0,1
0.963219583,0,1,1,0,0,0,0,1
0.963219667,0,0,1,0,0,0,0,1
0.963593458,1,0,1,0,1,0,1,1
0.963697500,0,0,1,0,0,0,0,1
0.963739708,0,0,1,0,0,1,0,1
0.963739792,0,1,1,0,0,1,0,1
0.963801833,1,1,1,0,1,1,1,1
0.963843708,1,1,1,0,1,0,1,1
0.963843750,1,0,1,0,1,0,1,1
0.963905875,0,0,1,0,0,0,0,1
0.964155792,0,0,1,0,0,1,0,1
0.964155875,0,1,1,0,0,1,0,1
0.964259792,0,1,1,0,0,0,0,1
0.964259875,0,0,1,0,0,0,0,1
0.964322750,1,0,1,0,1,0,1,1
0.964426792,0,0,1,0,0,0,0,1
0.964635292,1,0,1,0,0,0,0,1
0.964635333,1,0,1,0,1,0,1,1
0.964739333,0,0,1,0,0,0,0,1
0.964779917,0,0,1,0,0,1,0,1
0.964780000,0,1,1,0,0,1,0,1
0.964843667,1,1,1,0,1,1,1,1
0.964883958,1,1,1,0,1,0,1,1
0.964884000,1,0,1,0,1,0,1,1
0.964947708,0,0,1,0,0,0,0,1
0.965196000,0,0,1,0,0,1,0,1
0.965196083,0,1,1,0,0,1,0,1
0.965300042,0,1,1,0,0,0,0,1
0.965300083,0,0,1,0,0,0,0,1
0.965404042,0,0,1,0,0,1,0,1
0.965404125,0,1,1,0,0,1,0,1
0.965508083,0,1,1,0,0,0,0,1
0.965508125,0,0,1,0,0,0,0,1
0.965677125,1,0,1,0,1,0,1,1
0.965716083,1,0,1,0,1,1,1,1
0.965716167,1,1,1,0,1,1,1,1
0.965781167,0,1,1,0,0,1,0,1
0.965924167,0,1,1,0,0,0,0,1
0.965924208,0,0,1,0,0,0,0,1
0.966028167,0,0,1,0,0,1,0,1
0.966028292,0,1,1,0,0,1,0,1
0.966132208,0,1,1,0,0,0,0,1
0.966132250,0,0,1,0,0,0,0,1
0.966236208,0,0,1,0,0,1,0,1
0.966236333,0,1,1,0,0,1,0,1
0.966718958,1,1,1,0,1,1,1,1
0.966823000,0,1,1,0,0,1,0,1
0.966927333,1,1,1,0,1,1,1,1
0.966964375,1,1,1,0,1,0,1,1
0.966964417,1,0,1,0,1,0,1,1
0.967031375,0,0,1,0,0,0,0,1
0.967068375,0,0,1,0,0,1,0,1
0.967068500,0,1,1,0,0,1,0,1
0.967135708,1,1,1,0,1,1,1,1
0.967239750,0,1,1,0,0,1,0,1
0.967276458,0,1,1,0,0,0,0,1
0.967276500,0,0,1,0,0,0,0,1
0.967380458,0,0,1,0,0,1,0,1
0.967380542,0,1,1,0,0,1,0,1
0.967484500,0,1,1,0,0,0,0,1
0.967484542,0,0,1,0,0,0,0,1
0.967588500,0,0,1,0,0,1,0,1
0.967588583,0,1,1,0,0,1,0,1
0.967760792,1,1,1,0,1,1,1,1
0.967796542,1,1,1,0,1,0,1,1
0.967796583,1,0,1,0,1,0,1,1
0.967851792,1,0,1,0,1,0,1,0
0.967900542,1,0,1,0,1,1,1,0
0.967955792,1,0,1,0,1,1,1,1
0.967955875,1,1,1,0,1,1,1,1
0.968004583,1,1,1,0,1,0,1,1
0.968004625,1,0,1,0,1,0,1,1
0.968059833,1,0,1,0,1,0,1,0
0.968163833,1,0,1,0,1,0,1,1
0.968212625,1,0,1,0,1,1,1,1
0.968212708,1,1,1,0,1,1,1,1
0.968267875,1,1,1,0,1,1,1,0
0.968267917,1,0,1,0,1,1,1,0
0.968371875,1,0,1,0,1,1,1,1
0.968371958,1,1,1,0,1,1,1,1
0.968420667,1,1,1,0,1,0,1,1
0.968420708,1,0,1,0,1,0,1,1
0.968475917,1,0,1,0,1,0,1,0
0.968524708,1,0,1,0,1,1,1,0
0.968579917,1,0,1,0,1,1,1,1
0.968580000,1,1,1,0,1,1,1,1
0.968683958,1,1,1,0,1,1,1,0
0.968684000,1,0,1,0,1,1,1,0
0.968732750,1,0,1,0,1,0,1,0
0.968787958,1,0,1,0,1,0,1,1
0.968892000,1,0,1,0,1,0,1,0
0.968940792,1,0,1,0,1,1,1,0
0.969100000,1,0,1,0,1,1,1,1
0.969100083,1,1,1,0,1,1,1,1
0.969204042,1,1,1,0,1,1,1,0
0.969204083,1,0,1,0,1,1,1,0
0.969308042,1,0,1,0,1,1,1,1
0.969308125,1,1,1,0,1,1,1,1
0.969412083,1,1,1,0,1,1,1,0
0.969412125,1,0,1,0,1,1,1,0
0.969516083,1,0,1,0,1,1,1,1
0.969516167,1,1,1,0,1,1,1,1
0.969620125,1,1,1,0,1,1,1,0
0.969620167,1,0,1,0,1,1,1,0
0.969724125,1,0,1,0,1,1,1,1
0.969724208,1,1,1,0,1,1,1,1
0.969932208,1,1,1,0,1,1,1,0
0.969932250,1,0,1,0,1,1,1,0
0.970036208,1,0,1,0,1,1,1,1
0.970036292,1,1,1,0,1,1,1,1
0.970140250,1,1,1,0,1,1,1,0
0.970140292,1,0,1,0,1,1,1,0
0.970868375,1,0,1,0,1,1,1,1
0.970868458,1,1,1,0,1,1,1,1
0.970972375,1,1,1,0,1,1,1,0
0.970972417,1,0,1,0,1,1,1,0
0.971076417,1,0,1,0,1,1,1,1
0.971076500,1,1,1,0,1,1,1,1
0.971180417,1,1,1,0,1,1,1,0
0.971180458,1,0,1,0,1,1,1,0
0.971284458,1,0,1,0,1,1,1,1
0.971284542,1,1,1,0,1,1,1,1
0.971388458,1,1,1,0,1,1,1,0
0.971388500,1,0,1,0,1,1,1,0
0.971908542,1,0,1,0,1,1,1,1
0.971908667,1,1,1,0,1,1,1,1
0.972012583,1,1,1,0,1,1,1,0
0.972012625,1,0,1,0,1,1,1,0
0.972324625,1,0,1,0,1,1,1,1
0.972324708,1,1,1,0,1,1,1,1
0.972428667,1,1,1,0,1,1,1,0
0.972428708,1,0,1,0,1,1,1,0
0.972636708,1,0,1,0,1,1,1,1
0.972636792,1,1,1,0,1,1,1,1
0.972740750,1,1,1,0,1,1,1,0
0.972740792,1,0,1,0,1,1,1,0
0.972948750,1,0,1,0,1,1,1,1
0.972948833,1,1,1,0,1,1,1,1
0.973052792,1,1,1,0,1,1,1,0
0.973052833,1,0,1,0,1,1,1,0
0.973364833,1,0,1,0,1,1,1,1
0.973364917,1,1,1,0,1,1,1,1
0.973468875,1,1,1,0,1,1,1,0
0.973468917,1,0,1,0,1,1,1,0
0.973572875,1,0,1,0,1,1,1,1
0.973572958,1,1,1,0,1,1,1,1
0.973676917,1,1,1,0,1,1,1,0
0.973676958,1,0,1,0,1,1,1,0
0.973988958,1,0,1,0,1,1,1,1
0.973989042,1,1,1,0,1,1,1,1
0.974093000,1,1,1,0,1,1,1,0
0.974093042,1,0,1,0,1,1,1,0
0.975029167,1,0,1,0,1,1,1,1
0.975029250,1,1,1,0,1,1,1,1
0.975133208,1,1,1,0,1,1,1,0
0.975133250,1,0,1,0,1,1,1,0
0.975237208,1,0,1,0,1,1,1,1
0.975237292,1,1,1,0,1,1,1,1
0.975653292,1,1,1,0,1,1,1,0
0.975653333,1,0,1,0,1,1,1,0
0.975965333,1,0,1,0,1,1,1,1
0.975965458,1,1,1,0,1,1,1,1
0.976173417,1,1,1,0,1,1,1,0
0.976173458,1,0,1,0,1,1,1,0
0.976589458,1,0,1,0,1,1,1,1
0.976589542,1,1,1,0,1,1,1,1
0.976693500,1,1,1,0,1,1,1,0
0.976693542,1,0,1,0,1,1,1,0
0.976797500,1,0,1,0,1,1,1,1
0.976797583,1,1,1,0,1,1,1,1
0.977005583,1,1,1,0,1,1,1,0
0.977005625,1,0,1,0,1,1,1,0
0.977109583,1,0,1,0,1,1,1,1
0.977109667,1,1,1,0,1,1,1,1
1.000000042,1,1,1,0,1,1,1,1
